objectid,parentid,title,creator,date,description,subject,location,latitude,longitude,source,identifier,type,format,language,rights,rightsstatement,display_template,object_location,image_small,image_thumb,image_alt_text,object_transcript,doi,related_pathways
dhuni-dhuni-tap,,Dhūnī-tap – Wherever There is Fire There is The Name,Prema Goet,2026-02-23,"The moving-picture work “Dhūnī-tap - Wherever There is Fire There is The Name” was filmed in Allahabad and Mathura, India, between January 2025 and March 2026. The work explores aspects of the visual culture surrounding the materiality of the ascetic practice of dhūnī tap, from which it derives its title. Structured in two parts, the film first attends to the material and performative dimensions of the saṃkalpa ritual before turning to the practice of dhūnī tap as undertaken by members of the Rāmānandī community. The film was deliberately shot on a 1971 Beaulieu 4008 ZM II moving-picture camera using Kodak Ektachrome 100 dia-positive colour film stock. This technical and aesthetic choice positions the work in formal contrast to the 35mm black-and-white photographic material presented throughout the Dhun-Dhūnī: The Fires of the Name exhibition. The film’s chromatic progression –  moving from faded and underexposed imagery toward increasingly saturated colour –  may be read as a visual counterpart to the conceptual and affective concerns articulated within the exhibition’s “Dhun” section. The soundtrack consists of a composite arrangement of field recordings produced between 2015 and 2026. Bringing together five discrete sonic segments, the composition seeks to evoke aspects of the auditory environments associated with spaces inhabited by the Rāmānandī community. In this respect, the work attempts to approximate the immersive acoustic conditions characteristic of such settings. Three of the five sonic segments are made available as part of the exhibition and are accessible on this website as individual audio files. One segment –  the synth component –  constitutes a deliberate compositional intervention introduced by the artist and does not derive from documentary field-recorded material.",dhūni tap; tapasyā; Beaulieu 4008 ZMII; dhūnī,"Allahabad, Uttar Pradesh, India ",25.27,81.52,,,,,,,https://creativecommons.org/licenses/by-nc-nd/4.0/,video,/objects/MANTRAMS_TF3_GOET_RC6_DHUNI-Dhuni-tap_v1.1.mp4,/assets/img/thumbnails/Dhuni-tap-02.png,/assets/img/thumbnails/Dhuni-tap-02b.png,,,https://doi.org/10.57754/FDAT.jm0b4-e6x67,dhuni
dhuni-l0001,,"Jagadīśa Dāsa Mahātyāgī, showing the sūrya mudrā",Prema Goet,2016,"In this sequence of images, sādhu (holy man) Jagadīśa Dāsa Mahātyāgī of the Rāmānandī Sampradāya, a Vaishnava religious order, can be seen performing various mudrās during the dhūnī tap. Here, he demonstrates Sūrya-mudrā hand-gesture. This photograph was taken by Prema Goet during the Kumbha Mela in Ujjain, India, in 2015/2016, and printed at Fotoleutner in Vienna in 2026. It was acquired by Task Force 3 of the MANTRAMS project as part of Goet’s doctoral research at the University of Vienna. Between 2025 and 2028, the photograph was exhibited within the exhibition “Dhun / Dhūnī.The Fires of the Name,” presented during the Yoga Darśana Conference “Yoga Darśana, Yoga Sādhana: Authenticity, Authority, and Adaptation” in Paris, as well as in an exhibition at the Department of South Asian, Buddhist and Tibetan Studies at the University of Vienna in 2026.",yoga; sādhus; rāmānandī; India; photography; vaishnavism; portrait; dhūnī; tapasya; sūrya mudrā; hand gesture; sun,"Ujjain, Madhya Pradesh, India",23.11,75.47,,,,,,,https://creativecommons.org/licenses/by-nc-nd/4.0/,image,/objects/MANTRAMS_TF3_GOET_RC6_DHUNI-L0001.jpg,/objects/small/mantrams_tf3_goet_rc6_dhuni-l0001_sm.jpg,/objects/thumbs/mantrams_tf3_goet_rc6_dhuni-l0001_th.jpg,,,https://doi.org/10.57754/FDAT.jm0b4-e6x67,dhuni
dhuni-l1005705,,Standing in the Sun,Prema Goet,2016-08-09,"Gopal Dāsa Mahātyāgī standing just before entering the dhūnī. This photograph was taken by Prema Goet during the Kumbha Mela in Ujjain, India, in 2015/2016, and printed at Fotoleutner in Vienna in 2026. It was acquired by Task Force 3 of the MANTRAMS project as part of Goet’s doctoral research at the University of Vienna. Between 2025 and 2028, the photograph was exhibited within the exhibition “Dhun / Dhūnī.The Fires of the Name,” presented during the Yoga Darśana Conference “Yoga Darśana, Yoga Sādhana: Authenticity, Authority, and Adaptation” in Paris, as well as in an exhibition at the Department of South Asian, Buddhist and Tibetan Studies at the University of Vienna in 2026.",dhūnī,"Ujjain, Madhya Pradesh, India",23.11,75.47,,,,,,,https://creativecommons.org/licenses/by-nc-nd/4.0/,image,/objects/MANTRAMS_TF3_GOET_RC6_DHUNI-L1005705.jpg,/objects/small/mantrams_tf3_goet_rc6_dhuni-l1005705_sm.jpg,/objects/thumbs/mantrams_tf3_goet_rc6_dhuni-l1005705_th.jpg,,,https://doi.org/10.57754/FDAT.jm0b4-e6x67,dhuni
dhuni-l1005758,,Blanket(ed),Prema Goet,2016,"Gopal Dāsa Mahātyāgī performing dhūnī-tap. This photograph was taken by Prema Goet during the Kumbha Mela in Ujjain, India, in 2015/2016, and printed at Fotoleutner in Vienna in 2026. It was acquired by Task Force 3 of the MANTRAMS project as part of Goet’s doctoral research at the University of Vienna. Between 2025 and 2028, the photograph was exhibited within the exhibition “Dhun / Dhūnī.The Fires of the Name,” presented during the Yoga Darśana Conference “Yoga Darśana, Yoga Sādhana: Authenticity, Authority, and Adaptation” in Paris, as well as in an exhibition at the Department of South Asian, Buddhist and Tibetan Studies at the University of Vienna in 2026.",yoga; sādhus; rāmānandī; India; photography; dhūnī; khumba mela,"Ujjain, Madhya Pradesh, India",23.11,75.47,,,,,,,https://creativecommons.org/licenses/by-nc-nd/4.0/,image,/objects/MANTRAMS_TF3_GOET_RC6_DHUNI-L1005758.jpg,/objects/small/mantrams_tf3_goet_rc6_dhuni-l1005758_sm.jpg,/objects/thumbs/mantrams_tf3_goet_rc6_dhuni-l1005758_th.jpg,,,https://doi.org/10.57754/FDAT.jm0b4-e6x67,dhuni
dhuni-l1006104,,Smog,Prema Goet,2016,"A group of Rāmānandī ascetics performing dhūnī-tap. This photograph was taken by Prema Goet during the Kumbha Mela in Ujjain, India, in 2016, and printed at Fotoleutner in Vienna in 2026. It was acquired by Task Force 3 of the MANTRAMS project as part of Goet’s doctoral research at the University of Vienna. Between 2025 and 2028, the photograph was exhibited within the exhibition “Dhun / Dhūnī.The Fires of the Name,” presented during the Yoga Darśana Conference “Yoga Darśana, Yoga Sādhana: Authenticity, Authority, and Adaptation” in Paris, as well as in an exhibition at the Department of South Asian, Buddhist and Tibetan Studies at the University of Vienna in 2026.",yoga; sādhus; rāmānandī; India; photography; dhūnī; khumba mela,"Ujjain, Madhya Pradesh, India",23.11,75.47,,,,,,,https://creativecommons.org/licenses/by-nc-nd/4.0/,image,/objects/MANTRAMS_TF3_GOET_RC6_DHUNI-L1006104.jpg,/objects/small/mantrams_tf3_goet_rc6_dhuni-l1006104_sm.jpg,/objects/thumbs/mantrams_tf3_goet_rc6_dhuni-l1006104_th.jpg,,,https://doi.org/10.57754/FDAT.jm0b4-e6x67,dhuni
dhuni-l1006232,,Seen the Sun -- Surya Mudrā,Prema Goet,2016,"In this sequence of images, sādhu (holy man) Jagadīśa Dāsa Mahātyāgī of the Rāmānandī Sampradāya, a Vaishnava religious order, can be seen performing various mudrās during the dhūnī tap. Here, he demonstrates Sūrya-mudrā hand-gesture. This photograph was taken by Prema Goet during the Kumbha Mela in Ujjain, India, in 2015/2016, and printed at Fotoleutner in Vienna in 2026. It was acquired by Task Force 3 of the MANTRAMS project as part of Goet’s doctoral research at the University of Vienna. Between 2025 and 2028, the photograph was exhibited within the exhibition “Dhun / Dhūnī.The Fires of the Name,” presented during the Yoga Darśana Conference “Yoga Darśana, Yoga Sādhana: Authenticity, Authority, and Adaptation” in Paris, as well as in an exhibition at the Department of South Asian, Buddhist and Tibetan Studies at the University of Vienna in 2026.",yoga; sādhus; rāmānandī; India; photography; dhūnī,"Ujjain, Madhya Pradesh, India",23.11,75.47,,,,,,,https://creativecommons.org/licenses/by-nc-nd/4.0/,image,/objects/MANTRAMS_TF3_GOET_RC6_DHUNI-L1006232.jpg,/objects/small/mantrams_tf3_goet_rc6_dhuni-l1006232_sm.jpg,/objects/thumbs/mantrams_tf3_goet_rc6_dhuni-l1006232_th.jpg,,,https://doi.org/10.57754/FDAT.jm0b4-e6x67,dhuni
dhuni-l1006248,,Jagadīśa Dāsa Mahātyāgī Performing the Dhūnī-tap,Prema Goet,2016,"In this sequence of images, sādhu (holy man) Jagadīśa Dāsa Mahātyāgī of the Rāmānandī Sampradāya, a Vaishnava religious order, can be seen performing various mudrās during the dhūnī tap. This photograph was taken by Prema Goet during the Kumbha Mela in Ujjain, India, in 2016, and printed at Fotoleutner in Vienna in 2026. It was acquired by Task Force 3 of the MANTRAMS project as part of Goet’s doctoral research at the University of Vienna. Between 2025 and 2028, the photograph was exhibited within the exhibition “Dhun / Dhūnī.The Fires of the Name,” presented during the Yoga Darśana Conference “Yoga Darśana, Yoga Sādhana: Authenticity, Authority, and Adaptation” in Paris, as well as in an exhibition at the Department of South Asian, Buddhist and Tibetan Studies at the University of Vienna in 2026.",dhūnī tap; rāmānandī; rāma; dhūnī; khumba mela,"Ujjain, Madhya Pradesh, India",23.11,75.47,,,,,,,https://creativecommons.org/licenses/by-nc-nd/4.0/,image,/objects/MANTRAMS_TF3_GOET_RC6_DHUNI-L1006248.jpg,/objects/small/mantrams_tf3_goet_rc6_dhuni-l1006248_sm.jpg,/objects/thumbs/mantrams_tf3_goet_rc6_dhuni-l1006248_th.jpg,,,https://doi.org/10.57754/FDAT.jm0b4-e6x67,dhuni
dhuni-l1007220,,śīrṣāsana ,Prema Goet,2019,"Rāmānandī holyman, Sri Ram Balak Das, displaying the śīrṣāsana – an inverted yogic posture while practicing dhūni-tap. This photograph was taken by Prema Goet during the Kumbha Mela in Allahabad, India, in 2018/2019, and printed at Fotoleutner in Vienna in 2026. It was acquired by Task Force 3 of the MANTRAMS project as part of Goet’s doctoral research at the University of Vienna. Between 2025 and 2028, the photograph was exhibited within the exhibition “Dhun / Dhūnī.The Fires of the Name,” presented during the Yoga Darśana Conference “Yoga Darśana, Yoga Sādhana: Authenticity, Authority, and Adaptation” in Paris, as well as in an exhibition at the Department of South Asian, Buddhist and Tibetan Studies at the University of Vienna in 2026.",dhūnī; rāmānandī; khumba mela,"Allahabad, Uttar Pradesh, India ",25.27,81.52,,,,,,,https://creativecommons.org/licenses/by-nc-nd/4.0/,image,/objects/MANTRAMS_TF3_GOET_RC6_DHUNI-L1007220.jpg,/objects/small/mantrams_tf3_goet_rc6_dhuni-l1007220_sm.jpg,/objects/thumbs/mantrams_tf3_goet_rc6_dhuni-l1007220_th.jpg,,,https://doi.org/10.57754/FDAT.jm0b4-e6x67,dhuni
dhuni-l1007244,,Head Down,Prema Goet,2019,"Rāmānandī holyman, Sri Ram Balak Das, displaying an inverted lotus position while practicing dhūni-tap. This photograph was taken by Prema Goet during the Kumbha Mela in Allahabad, India, in 2018/2019, and printed at Fotoleutner in Vienna in 2026. It was acquired by Task Force 3 of the MANTRAMS project as part of Goet’s doctoral research at the University of Vienna. Between 2025 and 2028, the photograph was exhibited within the exhibition “Dhun / Dhūnī.The Fires of the Name,” presented during the Yoga Darśana Conference “Yoga Darśana, Yoga Sādhana: Authenticity, Authority, and Adaptation” in Paris, as well as in an exhibition at the Department of South Asian, Buddhist and Tibetan Studies at the University of Vienna in 2026.",dhūnī; rāmānandī; khumba mela,"Allahabad, Uttar Pradesh, India ",25.27,81.52,,,,,,,https://creativecommons.org/licenses/by-nc-nd/4.0/,image,/objects/MANTRAMS_TF3_GOET_RC6_DHUNI-L1007244.jpg,/objects/small/mantrams_tf3_goet_rc6_dhuni-l1007244_sm.jpg,/objects/thumbs/mantrams_tf3_goet_rc6_dhuni-l1007244_th.jpg,,,https://doi.org/10.57754/FDAT.jm0b4-e6x67,dhuni
dhuni-l1009548,,Chiṃtā,Prema Goet,2018,"A Ramandi ascetic holding a chimta while performing dhuni tap. This photograph was taken by Prema Goet during the Kumbha Mela in Allahabad, India, in 2019, and printed at Fotoleutner in Vienna in 2026. It was acquired by Task Force 3 of the MANTRAMS project as part of Goet’s doctoral research at the University of Vienna. Between 2025 and 2028, the photograph was exhibited within the exhibition “Dhun / Dhūnī.The Fires of the Name,” presented during the Yoga Darśana Conference “Yoga Darśana, Yoga Sādhana: Authenticity, Authority, and Adaptation” in Paris, as well as in an exhibition at the Department of South Asian, Buddhist and Tibetan Studies at the University of Vienna in 2026.",dhūnī; rāmānandī; khumba mela,"Allahabad, Uttar Pradesh, India ",25.27,81.52,,,,,,,https://creativecommons.org/licenses/by-nc-nd/4.0/,image,/objects/MANTRAMS_TF3_GOET_RC6_DHUNI-L1009548.png,/objects/small/mantrams_tf3_goet_rc6_dhuni-l1009548_sm.jpg,/objects/thumbs/mantrams_tf3_goet_rc6_dhuni-l1009548_th.jpg,,,https://doi.org/10.57754/FDAT.jm0b4-e6x67,dhuni
dhuni-l1009606,,Saṃkalpa,Prema Goet,2019,"Rāmānandī holymen performing the saṁkalpa ritual prior to the commence of dhūni-tap, fire penance or religious austerity – tapasya and yoga. This photograph was taken by Prema Goet during the Kumbha Mela in Allahabad, India, in 2018/2019, and printed at Fotoleutner in Vienna in 2026. It was acquired by Task Force 3 of the MANTRAMS project as part of Goet’s doctoral research at the University of Vienna. Between 2025 and 2028, the photograph was exhibited within the exhibition “Dhun / Dhūnī.The Fires of the Name,” presented during the Yoga Darśana Conference “Yoga Darśana, Yoga Sādhana: Authenticity, Authority, and Adaptation” in Paris, as well as in an exhibition at the Department of South Asian, Buddhist and Tibetan Studies at the University of Vienna in 2026.",dhūnī; rāmānandī; khumba mela,"Allahabad, Uttar Pradesh, India ",25.27,81.52,,,,,,,https://creativecommons.org/licenses/by-nc-nd/4.0/,image,/objects/MANTRAMS_TF3_GOET_RC6_DHUNI-L1009606.jpg,/objects/small/mantrams_tf3_goet_rc6_dhuni-l1009606_sm.jpg,/objects/thumbs/mantrams_tf3_goet_rc6_dhuni-l1009606_th.jpg,,,https://doi.org/10.57754/FDAT.jm0b4-e6x67,dhuni
dhuni-l1009655,,Full-circle,Prema Goet,2018,"A Ramandi ascetic doing a hand-gesture (mudra) while performing dhuni tap. This photograph was taken by Prema Goet during the Kumbha Mela in Allahabad, India, in 2019, and printed at Fotoleutner in Vienna in 2026. It was acquired by Task Force 3 of the MANTRAMS project as part of Goet’s doctoral research at the University of Vienna. Between 2025 and 2028, the photograph was exhibited within the exhibition “Dhun / Dhūnī.The Fires of the Name,” presented during the Yoga Darśana Conference “Yoga Darśana, Yoga Sādhana: Authenticity, Authority, and Adaptation” in Paris, as well as in an exhibition at the Department of South Asian, Buddhist and Tibetan Studies at the University of Vienna in 2026.",dhūnī; rāmānandī; khumba mela,"Allahabad, Uttar Pradesh, India ",25.27,81.52,,,,,,,https://creativecommons.org/licenses/by-nc-nd/4.0/,image,/objects/MANTRAMS_TF3_GOET_RC6_DHUNI-L1009655.jpg,/objects/small/mantrams_tf3_goet_rc6_dhuni-l1009655_sm.jpg,/objects/thumbs/mantrams_tf3_goet_rc6_dhuni-l1009655_th.jpg,,,https://doi.org/10.57754/FDAT.jm0b4-e6x67,dhuni
dhuni-l1009743,,Rādhe Rādhe,Prema Goet,2018,"A Ramandi ascetic chanting mantras on a japamala, rosery of beads, while performing dhuni tap. This photograph was taken by Prema Goet during the Kumbha Mela in Allahabad, India, in 2018/2019, and printed at Fotoleutner in Vienna in 2026. It was acquired by Task Force 3 of the MANTRAMS project as part of Goet’s doctoral research at the University of Vienna. Between 2025 and 2028, the photograph was exhibited within the exhibition “Dhun / Dhūnī.The Fires of the Name,” presented during the Yoga Darśana Conference “Yoga Darśana, Yoga Sādhana: Authenticity, Authority, and Adaptation” in Paris, as well as in an exhibition at the Department of South Asian, Buddhist and Tibetan Studies at the University of Vienna in 2026.",dhūnī; rāmānandī; khumba mela,"Allahabad, Uttar Pradesh, India ",25.27,81.52,,,,,,,https://creativecommons.org/licenses/by-nc-nd/4.0/,image,/objects/MANTRAMS_TF3_GOET_RC6_DHUNI-L1009743.jpg,/objects/small/mantrams_tf3_goet_rc6_dhuni-l1009743_sm.jpg,/objects/thumbs/mantrams_tf3_goet_rc6_dhuni-l1009743_th.jpg,,,https://doi.org/10.57754/FDAT.jm0b4-e6x67,dhuni
dhuni-l1009807,,Vināyakjī,Prema Goet,2019,"Vynayaka Tyagi performing dhūni-tap, fire penance or religious austerity - tapasya and yoga. This photograph was taken by Prema Goet during the Kumbha Mela in Allahabad, India, in 2019, and printed at Fotoleutner in Vienna in 2026. It was acquired by Task Force 3 of the MANTRAMS project as part of Goet’s doctoral research at the University of Vienna. Between 2025 and 2028, the photograph was exhibited within the exhibition “Dhun / Dhūnī.The Fires of the Name,” presented during the Yoga Darśana Conference “Yoga Darśana, Yoga Sādhana: Authenticity, Authority, and Adaptation” in Paris, as well as in an exhibition at the Department of South Asian, Buddhist and Tibetan Studies at the University of Vienna in 2026.",dhūnī; rāmānandī; khumba mela,"Allahabad, Uttar Pradesh, India ",25.27,81.52,,,,,,,https://creativecommons.org/licenses/by-nc-nd/4.0/,image,/objects/MANTRAMS_TF3_GOET_RC6_DHUNI-L1009807.jpg,/objects/small/mantrams_tf3_goet_rc6_dhuni-l1009807_sm.jpg,/objects/thumbs/mantrams_tf3_goet_rc6_dhuni-l1009807_th.jpg,,,https://doi.org/10.57754/FDAT.jm0b4-e6x67,dhuni
dhuni-l11009783,,Clay Kumbha,Prema Goet,2019,"Rāmānandī sādhu: Phalari Ji Tyagi, practising dhūni-tap, fire penance, religious austerity - tapasya, yoga. This photograph was taken by Prema Goet during the Kumbha Mela in Allahabad, India, in 2018/2019, and printed at Fotoleutner in Vienna in 2026. It was acquired by Task Force 3 of the MANTRAMS project as part of Goet’s doctoral research at the University of Vienna. Between 2025 and 2028, the photograph was exhibited within the exhibition “Dhun / Dhūnī.The Fires of the Name,” presented during the Yoga Darśana Conference “Yoga Darśana, Yoga Sādhana: Authenticity, Authority, and Adaptation” in Paris, as well as in an exhibition at the Department of South Asian, Buddhist and Tibetan Studies at the University of Vienna in 2026.",dhūnī; rāmānandī; khumba mela,"Allahabad, Uttar Pradesh, India ",25.27,81.52,,,,,,,https://creativecommons.org/licenses/by-nc-nd/4.0/,image,/objects/MANTRAMS_TF3_GOET_RC6_DHUNI-L11009783.jpg,/objects/small/mantrams_tf3_goet_rc6_dhuni-l11009783_sm.jpg,/objects/thumbs/mantrams_tf3_goet_rc6_dhuni-l11009783_th.jpg,,,https://doi.org/10.57754/FDAT.jm0b4-e6x67,dhuni
dhuni-ramram,,RAMRAM,Prema Goet,2015,"This recording is of Swami Rāmsukhī and Bajrangi Dāsa’s recording of a public kirtan where the name of Rām is continuously sung by various individuals. This 30 minute long audio file was recorded at Kirtan Bhavan, Rishikesh in 2015 on a Zoom H2N. ",dhūnī; mantra; ram; kirtan,"Rishikesh, Uttarakhand, India",30.1158893027991,78.2867439893332,,,,,,,https://creativecommons.org/licenses/by-nc-nd/4.0/,audio ,/objects/MANTRAMS_TF3_GOET_RC6_DHUNI-RAMRAM.mp3,/assets/img/thumbnails/RAMRAM.png,/assets/img/thumbnails/RAMRAM-b.png,,,https://doi.org/10.57754/FDAT.jm0b4-e6x67,dhuni
dhuni-gaurimangal,,Gaurimangal,Prema Goet,2016-04-28,"Gauri Mangal, evening āratī, sung by a group of Rāmānandī tyāgis. Recorded at the Kumbha mela in Ujjain – 2016. Lead singers: Śastriji Mahārāj and Śri Rāmadasjī , drums by Ānanda Dāsa. Recorded Ujjain in 2016 by Prema Goet, who adds: “I recorded the Gaurī Maṅgal ārati at the invitation of, and with permission from, Śāstrījī Mahārāj, who is the main voice heard in this recording. The recording took place during the 2016 Ujjain Kumbha Melā. At that time, Vināyak Dāsa Tyāgī — who appears as the main character in the second part of the Dhūnī film —  was camping just outside the main tent where Śāstrījī Mahārāj and the others were staying. Mahārāj had invited me to the evening ārati several times before I finally attended it. One day, upon seeing me in the streets, he again asked whether I would come that evening. I arrived late at night and was only able to participate in the final half hour of it, but I was astonished by the strength and resilience of his singing. I knew I had to return the next day to experience the entire ārati from the beginning. The following evening I arrived on time, that is, before the ārati had begun. I asked Bābājī if I could record it, and he graciously agreed. At the end of this audio file, one can hear my voice saying, “It is still recording,” as Bābājī asked me to play the recording back to him. For the next ten minutes, Bābājī and the others listened very carefully to the playback from my Zoom H2n recorder. The recording contains selected verses from Rāmcaritmānas, Tulsidas’s rendering of the Rāmāyaṇa. This recitation moves among groups of ascetics and devotees, carried through song, call and response, and the melodic cycles of bhajan and kīrtan that structure the communal life of the Rāmānandī Sampradāya. These musical forms extend the Divine Name outward – into gatherings, processions, and shared ritual time. Here the lead singer –  Śāstrījī Mahārāj – chants selected verses in praise of Lord Rāma, while the surrounding assembly of ascetics responds with corresponding passages from the Epic. The chosen verses do not necessarily form a coherent sequence on their own, nor do they follow the narrative progression of the Rāmāyaṇa.”",dhūnī; rāmānandī; khumba mela,"Ujjain, Madhya Pradesh, India",23.11,75.47,,,,,,,https://creativecommons.org/licenses/by-nc-nd/4.0/,audio ,/objects/MANTRAMS_TF3_GOET_RC6_DHUNI-gaurimangal.MP3,/assets/img/thumbnails/Gaurimangal.png,/assets/img/thumbnails/Gaurimangal-b.png,,,https://doi.org/10.57754/FDAT.jm0b4-e6x67,dhuni
dhuni-sitarama,,SītāRām,Prema Goet,2016,"This 30-minute audio recording was made at the Kumbha Melā in Ujjain, India, in April 2016. The musicians were followers of Śītārām Mahārāj, a prominent leader of the Mahātyāgī sect. Two of his disciples — Jagadīśa Dāsa Mahātyāgī and Gopāl Dāsa Mahātyāgī — are featured in the Dhun-Dhunī exhibition. At this camp, different groups of musicians would take turns performing continuously so that devotional music was maintained throughout all 24 hours of the day and night. The ensemble heard in this recording consisted primarily of devotees from Rajasthan.",dhūnī; rāmānandī; khumba mela,"Ujjain, Madhya Pradesh, India",23.11,75.47,,,,,,,https://creativecommons.org/licenses/by-nc-nd/4.0/,audio ,/objects/MANTRAMS_TF3_GOET_RC6_DHUNI-sitarama.MP3,/assets/img/thumbnails/Sitaram.png,/assets/img/thumbnails/Sitaram-b.png,,,https://doi.org/10.57754/FDAT.jm0b4-e6x67,dhuni
dhun-av1,,Rām-Nām Montage Saturation,Piyush Kukrety; Borayin Larios; Kanika Pruthi ,2026-05-13,"Rapid sequences of saturation and movement unfold through the city — walls, shrines, posters, vehicles, bustling markets, fading inscriptions, loudspeakers  chants, riverfront steps, and dense moving crowds — all layered with the living soundscape of an Indian town, where devotion, noise, and daily life merge into continuous flow. The images were captured with the intention of foto documenting the material manifestations of a sacred concept (Rām-Nām) in one of India's most popular pilgramage destinations. Specifically the capturing of the occurance of the name in specific contexts and frameworks was intended. Our intention was to highlight the pervasiveness of the sacred name in the socio-cultural physical landscape of the town.  ",dhun; digital essay,"Varanasi, Uttar Pradesh, India ",25.19,82.59,,,,,,,https://creativecommons.org/licenses/by-nc-nd/4.0/,video,/objects/MANTRAMS_TF3_Kukrety_RC6_DHUN-AV1_20260515.mov,/assets/img/thumbnails/Piyush-AV1-01.png,/assets/img/thumbnails/Piyush-AV1-01b.png,,,https://doi.org/10.57754/FDAT.qaqzk-v6e40,dhun
dhun-av2,,The duality of Rām's name and His Saguṇa form,Piyush Kukrety; Borayin Larios; Kanika Pruthi ,2026-05-12,"This video features the profound reflections of Narsingh Pandey on the divine mystery of Rām’s Name (Nām) and His Saguṇa form — the personal, visible manifestation of the Divine. Drawing from the teachings of the Rāmcaritamānas, the discourse explains how the two syllables “Rā” and “Ma” are themselves sweet, beautiful, and spiritually transformative. The gentleman on the ghat sells hand painted items with Rām-Nām. A conversation was struck with him on his personal reflections of the impact of ram nam on his life. The lady captured clapping her hands during was seen at an energetic arti ritual at a popular public temple in town. The women in the last frame were engaged in singing devotional songs to the accompaniment of instruments on an auspicious day. ",dhun; digital essay,"Varanasi, Uttar Pradesh, India ",25.19,82.59,,,,,,,https://creativecommons.org/licenses/by-nc-nd/4.0/,video,/objects/MANTRAMS_TF3_Kukrety_RC6_DHUN-AV2_20260515.mov,/assets/img/thumbnails/Piyush-AV2-01.png,/assets/img/thumbnails/Piyush-AV2-01b.png,,,https://doi.org/10.57754/FDAT.qaqzk-v6e40,dhun
dhun-av3,,Śiv and the glory of Rām-Nām,Piyush Kukrety; Borayin Larios; Kanika Pruthi ,2026-05-13,"This video explores the spiritual glory of Rām-Nām as described in the Rāmcaritamānas, emphasizing the compassionate and liberating power of the divine name of Śrī Rām. The discourse highlights that even Śiv, together with  Pārvatī, constantly chants Rām-Nām, revealing its supreme significance in the Bhakti tradition. Through the dialogue between Pārvatī and Śiv, the video reflects on the spiritual struggles of humanity in Kali Yug and presents Rām-Nām as a simple yet powerful path accessible to all. It further explains that Śiv’s own strength — including His ability to consume the deadly Hālāhal poison — is rooted in the constant remembrance of Rām’s name. The video ultimately presents Rām-Nām as a source of protection, inner peace, purification, and liberation for all beings. The rearchers were seeking for expertise on contextual information regarding some content information of the project. During this quest they encountered a person sitting in public reciting some verses. Pandit Pandey was encrossed in reading verses from the Rāmcaritamāns before the south facing shrine of Hanuman. His chanting and the accompanying discourse gave evidence to the observers that he displayed prolific knowledge of the text.  ",dhun; digital essay,"Varanasi, Uttar Pradesh, India ",25.19,82.59,,,,,,,https://creativecommons.org/licenses/by-nc-nd/4.0/,video,/objects/MANTRAMS_TF3_Kukrety_RC6_DHUN-AV3_20260515.mov,/assets/img/thumbnails/Piyush-AV3-01.png,/assets/img/thumbnails/Piyush-AV3-01b.png,,,https://doi.org/10.57754/FDAT.qaqzk-v6e40,dhun
dhun-av4,,The power of writing Rām-Nām,Piyush Kukrety; Borayin Larios; Kanika Pruthi ,2026-05-13,"An edited interview with the manager of the Ram Ramapati Bank talking about his family, personal and bussiness relationship with the practice. ",dhun; digital essay,"Varanasi, Uttar Pradesh, India ",25.19,82.59,,,,,,,https://creativecommons.org/licenses/by-nc-nd/4.0/,video,/objects/MANTRAMS_TF3_Kukrety_RC6_DHUN-AV4_20260515.mov,/assets/img/thumbnails/Piyush-AV4-01.png,/assets/img/thumbnails/Piyush-AV4-01b.png,,,https://doi.org/10.57754/FDAT.qaqzk-v6e40,dhun
dhun-av5,,Kabīr’s vision of Rām,Piyush Kukrety; Borayin Larios; Kanika Pruthi ,2026-05-13,"Umesh Kabir Ji of the Kabīr Caurā Maṭh, Varanasi explains the deeper meaning of Kabīr’s teachings on the remembrance of Rām. This vision transcends physicality and looks at Rām as being much beyond the hero of the epic tradition. Kabīr’s Rām is meant to be the object of deep contemplation and constant remembrance. In that sense He is accessible as a means of spiritual upliftment for all, irrespective of the social boundaries which may divide them.",dhun; digital essay,"Varanasi, Uttar Pradesh, India ",25.19,82.59,,,,,,,https://creativecommons.org/licenses/by-nc-nd/4.0/,video,/objects/MANTRAMS_TF3_Kukrety_RC6_DHUN-AV5_20260515.mov,/assets/img/thumbnails/Piyush-AV5-01.png,/assets/img/thumbnails/Piyush-AV5-01b.png,,,https://doi.org/10.57754/FDAT.qaqzk-v6e40,dhun
dhun-av6,,Jap in the air ,Piyush Kukrety; Borayin Larios; Kanika Pruthi ,2026-05-13,"Suspended between continents and time zones, a woman practices jap (जप, jap — the repetitive chanting of a mantra for meditation and spiritual focus) while flying through the night. In one hand, an electronic jap counter quietly tracks each mantra; in the other, an endless Instagram feed glows against the dim airplane cabin.",dhun; digital essay,"Varanasi, Uttar Pradesh, India ",25.19,82.59,,,,,,,https://creativecommons.org/licenses/by-nc-nd/4.0/,video,/objects/MANTRAMS_TF3_Kukrety_RC6_DHUN-AV6_20260515.mov,/assets/img/thumbnails/Piyush-AV6-01.png,/assets/img/thumbnails/Piyush-AV6-01b.png,,,https://doi.org/10.57754/FDAT.qaqzk-v6e40,dhun
dhun-av7,,How Śiv bestows Mokṣ in Kāśī,Piyush Kukrety; Borayin Larios; Kanika Pruthi ,2026-05-12,"This video explores the sacred connection between Kāśī, Śiv, and the liberating power of Rām-Nām as described in the Rāmcaritamānas. The discourse explains that Śiv — the embodiment of wisdom — constantly chants the name of Śrī Rām, affirming the supreme glory of Rām-Nām above all other mantras. The video centers on the traditional belief that liberation (Mokṣ) is attained in Kāśī through the grace of Śiv and the power of the Rām Tārak Mantra. It explains that when beings leave their bodies in Kāśī, Śiv Himself grants liberation by whispering the divine name of Rām into their ears. Even the smallest creatures are said to receive this grace, emphasizing the boundless compassion associated with Kāśī and the divine name. Through these teachings, the video presents Kāśī not merely as a physical city, but as a spiritual realm of grace, where devotion to Śrī Rāmcandra and the chanting of his divine name become the pathway to liberation. The rearchers were seeking for expertise on contextual information  regarding some content information of the project. During this quest they encountered a person sitting in public reciting some verses. Pandit Pandey was encrossed in reading verses from the Rāmcaritamānas before the south facing shrine of Hanuman. His chanting and the accompanying discourse gave evidence to the observers that he displayed prolific knowledge of the text. The two overlay images resonate with the themes spoken of by Pandit Pandey in the interview. The first imag shows Rām-Nām in Devanagari written over a Śiv lingam. The Tarakeshwar Temple enshrines Siv in his aspect as the one who whispers the Tārak Mantra into the ears of a dying person. ",dhun; digital essay,"Varanasi, Uttar Pradesh, India ",25.19,82.59,,,,,,,https://creativecommons.org/licenses/by-nc-nd/4.0/,video,/objects/MANTRAMS_TF3_Kukrety_RC6_DHUN-AV7_20260515.mov,/assets/img/thumbnails/Piyush-AV7-01.png,/assets/img/thumbnails/Piyush-AV7-01b.png,,,https://doi.org/10.57754/FDAT.qaqzk-v6e40,dhun
dhun-av8,,Clay Pot on the Sands of Ganges,Piyush Kukrety; Borayin Larios; Kanika Pruthi ,2026-05-13,"A solitary clay pot rests on the sunlit sands of the Ganges, while the solemn chant “Rām Nām Saty Hai” echoes. It whispers of life’s fleeting moments, the return of all to the river, and the eternal dance of death, rebirth, and the sacred flow that carries souls beyond the mortal shore.",dhun; digital essay,"Varanasi, Uttar Pradesh, India ",25.19,82.59,,,,,,,https://creativecommons.org/licenses/by-nc-nd/4.0/,video,/objects/MANTRAMS_TF3_Kukrety_RC6_DHUN-AV8_20260515.mov,/assets/img/thumbnails/Piyush-AV8-01.png,/assets/img/thumbnails/Piyush-AV8-01b.png,,,https://doi.org/10.57754/FDAT.qaqzk-v6e40,dhun
dhun-g1,,Encountering the name and saturation (DHUN Gallery 1),Piyush Kukrety; Borayin Larios; Kanika Pruthi ,2023-2026,"The name “Rām” surfaces on plastic keychains beside packets of incense, handwritten into notebooks, traced repeatedly with fingers across metal grills designed to form the sacred name, smeared on trees, sprayed on walls, carved into prayer beads, printed on cloth, on commercial stalls, temples, streets, shrines, markets, and objects. The symbol circulates around different surfaces, spaces and contexts. It is seen, heard and touched. There is rarely any space where the name can not be encountered as illustrated by the images. ",dhun; digital essay,"Varanasi, Uttar Pradesh, India ",25.19,82.59,,,,,,,https://creativecommons.org/licenses/by/4.0/,compound_object ,,,/objects/thumbs/mantrams_tf3_larios_rc6_dhun-g1-066_20260208_th.jpg,,"राम -नाम, जय श्री राम, श्री राम, राम, राधे-राम Rām-nām, Jay Śrī Rām, Śrī Rām, Rām, Rādhe-Rām, Raam-naam, jay shrii raam, shrii raam, raam, raadhe-raam (Scriptures in different scripts, mainly Devanagari. Handwritten, printed fonts and  engraved. Some inscriptions are ellegible/partially visble.)",https://doi.org/10.57754/FDAT.ghg0b-e6k30,dhun
dhun-g1-001,dhun-g1,,Piyush Kukrety; Borayin Larios; Kanika Pruthi ,,,,,,,,,,,,,,image ,/objects/MANTRAMS_TF3_Larios_RC6_DHUN-G1-001_20260129.jpg,/objects/small/mantrams_tf3_larios_rc6_dhun-g1-001_20260129_sm.jpg,/objects/thumbs/mantrams_tf3_larios_rc6_dhun-g1-001_20260129_th.jpg,,,https://doi.org/10.57754/FDAT.ghg0b-e6k30,
dhun-g1-002,dhun-g1,,Piyush Kukrety; Borayin Larios; Kanika Pruthi ,,,,,,,,,,,,,,image ,/objects/MANTRAMS_TF3_Larios_RC6_DHUN-G1-002_20260128.jpg,/objects/small/mantrams_tf3_larios_rc6_dhun-g1-002_20260128_sm.jpg,/objects/thumbs/mantrams_tf3_larios_rc6_dhun-g1-002_20260128_th.jpg,,,https://doi.org/10.57754/FDAT.ghg0b-e6k30,
dhun-g1-003,dhun-g1,,Piyush Kukrety; Borayin Larios; Kanika Pruthi ,,,,,,,,,,,,,,image ,/objects/MANTRAMS_TF3_Larios_RC6_DHUN-G1-003_20260128.jpg,/objects/small/mantrams_tf3_larios_rc6_dhun-g1-003_20260128_sm.jpg,/objects/thumbs/mantrams_tf3_larios_rc6_dhun-g1-003_20260128_th.jpg,,,https://doi.org/10.57754/FDAT.ghg0b-e6k30,
dhun-g1-004,dhun-g1,,Piyush Kukrety; Borayin Larios; Kanika Pruthi ,,,,,,,,,,,,,,image ,/objects/MANTRAMS_TF3_Larios_RC6_DHUN-G1-004_20260126.jpg,/objects/small/mantrams_tf3_larios_rc6_dhun-g1-004_20260126_sm.jpg,/objects/thumbs/mantrams_tf3_larios_rc6_dhun-g1-004_20260126_th.jpg,,,https://doi.org/10.57754/FDAT.ghg0b-e6k30,
dhun-g1-005,dhun-g1,,Piyush Kukrety; Borayin Larios; Kanika Pruthi ,,,,,,,,,,,,,,image ,/objects/MANTRAMS_TF3_Larios_RC6_DHUN-G1-005_20260125.jpg,/objects/small/mantrams_tf3_larios_rc6_dhun-g1-005_20260125_sm.jpg,/objects/thumbs/mantrams_tf3_larios_rc6_dhun-g1-005_20260125_th.jpg,,,https://doi.org/10.57754/FDAT.ghg0b-e6k30,
dhun-g1-006,dhun-g1,,Piyush Kukrety; Borayin Larios; Kanika Pruthi ,,,,,,,,,,,,,,image ,/objects/MANTRAMS_TF3_Larios_RC6_DHUN-G1-006_20260215.jpg,/objects/small/mantrams_tf3_larios_rc6_dhun-g1-006_20260215_sm.jpg,/objects/thumbs/mantrams_tf3_larios_rc6_dhun-g1-006_20260215_th.jpg,,,https://doi.org/10.57754/FDAT.ghg0b-e6k30,
dhun-g1-007,dhun-g1,,Piyush Kukrety; Borayin Larios; Kanika Pruthi ,,,,,,,,,,,,,,image ,/objects/MANTRAMS_TF3_Larios_RC6_DHUN-G1-007_20260208.jpg,/objects/small/mantrams_tf3_larios_rc6_dhun-g1-007_20260208_sm.jpg,/objects/thumbs/mantrams_tf3_larios_rc6_dhun-g1-007_20260208_th.jpg,,,https://doi.org/10.57754/FDAT.ghg0b-e6k30,
dhun-g1-008,dhun-g1,,Piyush Kukrety; Borayin Larios; Kanika Pruthi ,,,,,,,,,,,,,,image ,/objects/MANTRAMS_TF3_Larios_RC6_DHUN-G1-008_20250814.jpg,/objects/small/mantrams_tf3_larios_rc6_dhun-g1-008_20250814_sm.jpg,/objects/thumbs/mantrams_tf3_larios_rc6_dhun-g1-008_20250814_th.jpg,,,https://doi.org/10.57754/FDAT.ghg0b-e6k30,
dhun-g1-009,dhun-g1,,Piyush Kukrety; Borayin Larios; Kanika Pruthi ,,,,,,,,,,,,,,image ,/objects/MANTRAMS_TF3_Larios_RC6_DHUN-G1-009_20250813.jpg,/objects/small/mantrams_tf3_larios_rc6_dhun-g1-009_20250813_sm.jpg,/objects/thumbs/mantrams_tf3_larios_rc6_dhun-g1-009_20250813_th.jpg,,,https://doi.org/10.57754/FDAT.ghg0b-e6k30,
dhun-g1-010,dhun-g1,,Piyush Kukrety; Borayin Larios; Kanika Pruthi ,,,,,,,,,,,,,,image ,/objects/MANTRAMS_TF3_Larios_RC6_DHUN-G1-010_20260213.jpg,/objects/small/mantrams_tf3_larios_rc6_dhun-g1-010_20260213_sm.jpg,/objects/thumbs/mantrams_tf3_larios_rc6_dhun-g1-010_20260213_th.jpg,,,https://doi.org/10.57754/FDAT.ghg0b-e6k30,
dhun-g1-011,dhun-g1,,Piyush Kukrety; Borayin Larios; Kanika Pruthi ,,,,,,,,,,,,,,image ,/objects/MANTRAMS_TF3_Larios_RC6_DHUN-G1-011_20260213.jpg,/objects/small/mantrams_tf3_larios_rc6_dhun-g1-011_20260213_sm.jpg,/objects/thumbs/mantrams_tf3_larios_rc6_dhun-g1-011_20260213_th.jpg,,,https://doi.org/10.57754/FDAT.ghg0b-e6k30,
dhun-g1-012,dhun-g1,,Piyush Kukrety; Borayin Larios; Kanika Pruthi ,,,,,,,,,,,,,,image ,/objects/MANTRAMS_TF3_Larios_RC6_DHUN-G1-012_20260213.jpg,/objects/small/mantrams_tf3_larios_rc6_dhun-g1-012_20260213_sm.jpg,/objects/thumbs/mantrams_tf3_larios_rc6_dhun-g1-012_20260213_th.jpg,,,https://doi.org/10.57754/FDAT.ghg0b-e6k30,
dhun-g1-013,dhun-g1,,Piyush Kukrety; Borayin Larios; Kanika Pruthi ,,,,,,,,,,,,,,image ,/objects/MANTRAMS_TF3_Larios_RC6_DHUN-G1-013_20260213.jpg,/objects/small/mantrams_tf3_larios_rc6_dhun-g1-013_20260213_sm.jpg,/objects/thumbs/mantrams_tf3_larios_rc6_dhun-g1-013_20260213_th.jpg,,,https://doi.org/10.57754/FDAT.ghg0b-e6k30,
dhun-g1-014,dhun-g1,,Piyush Kukrety; Borayin Larios; Kanika Pruthi ,,,,,,,,,,,,,,image ,/objects/MANTRAMS_TF3_Larios_RC6_DHUN-G1-014_20250812.jpg,/objects/small/mantrams_tf3_larios_rc6_dhun-g1-014_20250812_sm.jpg,/objects/thumbs/mantrams_tf3_larios_rc6_dhun-g1-014_20250812_th.jpg,,,https://doi.org/10.57754/FDAT.ghg0b-e6k30,
dhun-g1-015,dhun-g1,,Piyush Kukrety; Borayin Larios; Kanika Pruthi ,,,,,,,,,,,,,,image ,/objects/MANTRAMS_TF3_Larios_RC6_DHUN-G1-015_20250812.jpg,/objects/small/mantrams_tf3_larios_rc6_dhun-g1-015_20250812_sm.jpg,/objects/thumbs/mantrams_tf3_larios_rc6_dhun-g1-015_20250812_th.jpg,,,https://doi.org/10.57754/FDAT.ghg0b-e6k30,
dhun-g1-016,dhun-g1,,Piyush Kukrety; Borayin Larios; Kanika Pruthi ,,,,,,,,,,,,,,image ,/objects/MANTRAMS_TF3_Larios_RC6_DHUN-G1-016_20260212.jpg,/objects/small/mantrams_tf3_larios_rc6_dhun-g1-016_20260212_sm.jpg,/objects/thumbs/mantrams_tf3_larios_rc6_dhun-g1-016_20260212_th.jpg,,,https://doi.org/10.57754/FDAT.ghg0b-e6k30,
dhun-g1-017,dhun-g1,,Piyush Kukrety; Borayin Larios; Kanika Pruthi ,,,,,,,,,,,,,,image ,/objects/MANTRAMS_TF3_Larios_RC6_DHUN-G1-017_20260212.jpg,/objects/small/mantrams_tf3_larios_rc6_dhun-g1-017_20260212_sm.jpg,/objects/thumbs/mantrams_tf3_larios_rc6_dhun-g1-017_20260212_th.jpg,,,https://doi.org/10.57754/FDAT.ghg0b-e6k30,
dhun-g1-018,dhun-g1,,Piyush Kukrety; Borayin Larios; Kanika Pruthi ,,,,,,,,,,,,,,image ,/objects/MANTRAMS_TF3_Larios_RC6_DHUN-G1-018_20260212.jpg,/objects/small/mantrams_tf3_larios_rc6_dhun-g1-018_20260212_sm.jpg,/objects/thumbs/mantrams_tf3_larios_rc6_dhun-g1-018_20260212_th.jpg,,,https://doi.org/10.57754/FDAT.ghg0b-e6k30,
dhun-g1-019,dhun-g1,,Piyush Kukrety; Borayin Larios; Kanika Pruthi ,,,,,,,,,,,,,,image ,/objects/MANTRAMS_TF3_Larios_RC6_DHUN-G1-019_20260212.jpg,/objects/small/mantrams_tf3_larios_rc6_dhun-g1-019_20260212_sm.jpg,/objects/thumbs/mantrams_tf3_larios_rc6_dhun-g1-019_20260212_th.jpg,,,https://doi.org/10.57754/FDAT.ghg0b-e6k30,
dhun-g1-020,dhun-g1,,Piyush Kukrety; Borayin Larios; Kanika Pruthi ,,,,,,,,,,,,,,image ,/objects/MANTRAMS_TF3_Larios_RC6_DHUN-G1-020_20260212.jpg,/objects/small/mantrams_tf3_larios_rc6_dhun-g1-020_20260212_sm.jpg,/objects/thumbs/mantrams_tf3_larios_rc6_dhun-g1-020_20260212_th.jpg,,,https://doi.org/10.57754/FDAT.ghg0b-e6k30,
dhun-g1-021,dhun-g1,,Piyush Kukrety; Borayin Larios; Kanika Pruthi ,,,,,,,,,,,,,,image ,/objects/MANTRAMS_TF3_Larios_RC6_DHUN-G1-021_20260212.jpg,/objects/small/mantrams_tf3_larios_rc6_dhun-g1-021_20260212_sm.jpg,/objects/thumbs/mantrams_tf3_larios_rc6_dhun-g1-021_20260212_th.jpg,,,https://doi.org/10.57754/FDAT.ghg0b-e6k30,
dhun-g1-022,dhun-g1,,Piyush Kukrety; Borayin Larios; Kanika Pruthi ,,,,,,,,,,,,,,image ,/objects/MANTRAMS_TF3_Larios_RC6_DHUN-G1-022_20260212.jpg,/objects/small/mantrams_tf3_larios_rc6_dhun-g1-022_20260212_sm.jpg,/objects/thumbs/mantrams_tf3_larios_rc6_dhun-g1-022_20260212_th.jpg,,,https://doi.org/10.57754/FDAT.ghg0b-e6k30,
dhun-g1-023,dhun-g1,,Piyush Kukrety; Borayin Larios; Kanika Pruthi ,,,,,,,,,,,,,,image ,/objects/MANTRAMS_TF3_Larios_RC6_DHUN-G1-023_20260212.jpg,/objects/small/mantrams_tf3_larios_rc6_dhun-g1-023_20260212_sm.jpg,/objects/thumbs/mantrams_tf3_larios_rc6_dhun-g1-023_20260212_th.jpg,,,https://doi.org/10.57754/FDAT.ghg0b-e6k30,
dhun-g1-024,dhun-g1,,Piyush Kukrety; Borayin Larios; Kanika Pruthi ,,,,,,,,,,,,,,image ,/objects/MANTRAMS_TF3_Larios_RC6_DHUN-G1-024_20260212.jpg,/objects/small/mantrams_tf3_larios_rc6_dhun-g1-024_20260212_sm.jpg,/objects/thumbs/mantrams_tf3_larios_rc6_dhun-g1-024_20260212_th.jpg,,,https://doi.org/10.57754/FDAT.ghg0b-e6k30,
dhun-g1-025,dhun-g1,,Piyush Kukrety; Borayin Larios; Kanika Pruthi ,,,,,,,,,,,,,,image ,/objects/MANTRAMS_TF3_Larios_RC6_DHUN-G1-025_20260212.jpg,/objects/small/mantrams_tf3_larios_rc6_dhun-g1-025_20260212_sm.jpg,/objects/thumbs/mantrams_tf3_larios_rc6_dhun-g1-025_20260212_th.jpg,,,https://doi.org/10.57754/FDAT.ghg0b-e6k30,
dhun-g1-026,dhun-g1,,Piyush Kukrety; Borayin Larios; Kanika Pruthi ,,,,,,,,,,,,,,image ,/objects/MANTRAMS_TF3_Larios_RC6_DHUN-G1-026_20260212.jpg,/objects/small/mantrams_tf3_larios_rc6_dhun-g1-026_20260212_sm.jpg,/objects/thumbs/mantrams_tf3_larios_rc6_dhun-g1-026_20260212_th.jpg,,,https://doi.org/10.57754/FDAT.ghg0b-e6k30,
dhun-g1-027,dhun-g1,,Piyush Kukrety; Borayin Larios; Kanika Pruthi ,,,,,,,,,,,,,,image ,/objects/MANTRAMS_TF3_Larios_RC6_DHUN-G1-027_20260212.jpg,/objects/small/mantrams_tf3_larios_rc6_dhun-g1-027_20260212_sm.jpg,/objects/thumbs/mantrams_tf3_larios_rc6_dhun-g1-027_20260212_th.jpg,,,https://doi.org/10.57754/FDAT.ghg0b-e6k30,
dhun-g1-028,dhun-g1,,Piyush Kukrety; Borayin Larios; Kanika Pruthi ,,,,,,,,,,,,,,image ,/objects/MANTRAMS_TF3_Larios_RC6_DHUN-G1-028_20260212.jpg,/objects/small/mantrams_tf3_larios_rc6_dhun-g1-028_20260212_sm.jpg,/objects/thumbs/mantrams_tf3_larios_rc6_dhun-g1-028_20260212_th.jpg,,,https://doi.org/10.57754/FDAT.ghg0b-e6k30,
dhun-g1-029,dhun-g1,,Piyush Kukrety; Borayin Larios; Kanika Pruthi ,,,,,,,,,,,,,,image ,/objects/MANTRAMS_TF3_Larios_RC6_DHUN-G1-029_20260212.jpg,/objects/small/mantrams_tf3_larios_rc6_dhun-g1-029_20260212_sm.jpg,/objects/thumbs/mantrams_tf3_larios_rc6_dhun-g1-029_20260212_th.jpg,,,https://doi.org/10.57754/FDAT.ghg0b-e6k30,
dhun-g1-030,dhun-g1,,Piyush Kukrety; Borayin Larios; Kanika Pruthi ,,,,,,,,,,,,,,image ,/objects/MANTRAMS_TF3_Larios_RC6_DHUN-G1-030_20260212.jpg,/objects/small/mantrams_tf3_larios_rc6_dhun-g1-030_20260212_sm.jpg,/objects/thumbs/mantrams_tf3_larios_rc6_dhun-g1-030_20260212_th.jpg,,,https://doi.org/10.57754/FDAT.ghg0b-e6k30,
dhun-g1-031,dhun-g1,,Piyush Kukrety; Borayin Larios; Kanika Pruthi ,,,,,,,,,,,,,,image ,/objects/MANTRAMS_TF3_Larios_RC6_DHUN-G1-031_20250811.jpg,/objects/small/mantrams_tf3_larios_rc6_dhun-g1-031_20250811_sm.jpg,/objects/thumbs/mantrams_tf3_larios_rc6_dhun-g1-031_20250811_th.jpg,,,https://doi.org/10.57754/FDAT.ghg0b-e6k30,
dhun-g1-032,dhun-g1,,Piyush Kukrety; Borayin Larios; Kanika Pruthi ,,,,,,,,,,,,,,image ,/objects/MANTRAMS_TF3_Larios_RC6_DHUN-G1-032_20250811.jpg,/objects/small/mantrams_tf3_larios_rc6_dhun-g1-032_20250811_sm.jpg,/objects/thumbs/mantrams_tf3_larios_rc6_dhun-g1-032_20250811_th.jpg,,,https://doi.org/10.57754/FDAT.ghg0b-e6k30,
dhun-g1-033,dhun-g1,,Piyush Kukrety; Borayin Larios; Kanika Pruthi ,,,,,,,,,,,,,,image ,/objects/MANTRAMS_TF3_Larios_RC6_DHUN-G1-033_20250811.jpg,/objects/small/mantrams_tf3_larios_rc6_dhun-g1-033_20250811_sm.jpg,/objects/thumbs/mantrams_tf3_larios_rc6_dhun-g1-033_20250811_th.jpg,,,https://doi.org/10.57754/FDAT.ghg0b-e6k30,
dhun-g1-034,dhun-g1,,Piyush Kukrety; Borayin Larios; Kanika Pruthi ,,,,,,,,,,,,,,image ,/objects/MANTRAMS_TF3_Larios_RC6_DHUN-G1-034_20260211.jpg,/objects/small/mantrams_tf3_larios_rc6_dhun-g1-034_20260211_sm.jpg,/objects/thumbs/mantrams_tf3_larios_rc6_dhun-g1-034_20260211_th.jpg,,,https://doi.org/10.57754/FDAT.ghg0b-e6k30,
dhun-g1-035,dhun-g1,,Piyush Kukrety; Borayin Larios; Kanika Pruthi ,,,,,,,,,,,,,,image ,/objects/MANTRAMS_TF3_Larios_RC6_DHUN-G1-035_20260211.jpg,/objects/small/mantrams_tf3_larios_rc6_dhun-g1-035_20260211_sm.jpg,/objects/thumbs/mantrams_tf3_larios_rc6_dhun-g1-035_20260211_th.jpg,,,https://doi.org/10.57754/FDAT.ghg0b-e6k30,
dhun-g1-036,dhun-g1,,Piyush Kukrety; Borayin Larios; Kanika Pruthi ,,,,,,,,,,,,,,image ,/objects/MANTRAMS_TF3_Larios_RC6_DHUN-G1-036_20260211.jpg,/objects/small/mantrams_tf3_larios_rc6_dhun-g1-036_20260211_sm.jpg,/objects/thumbs/mantrams_tf3_larios_rc6_dhun-g1-036_20260211_th.jpg,,,https://doi.org/10.57754/FDAT.ghg0b-e6k30,
dhun-g1-037,dhun-g1,,Piyush Kukrety; Borayin Larios; Kanika Pruthi ,,,,,,,,,,,,,,image ,/objects/MANTRAMS_TF3_Larios_RC6_DHUN-G1-037_20260211.jpg,/objects/small/mantrams_tf3_larios_rc6_dhun-g1-037_20260211_sm.jpg,/objects/thumbs/mantrams_tf3_larios_rc6_dhun-g1-037_20260211_th.jpg,,,https://doi.org/10.57754/FDAT.ghg0b-e6k30,
dhun-g1-038,dhun-g1,,Piyush Kukrety; Borayin Larios; Kanika Pruthi ,,,,,,,,,,,,,,image ,/objects/MANTRAMS_TF3_Larios_RC6_DHUN-G1-038_20260211.jpg,/objects/small/mantrams_tf3_larios_rc6_dhun-g1-038_20260211_sm.jpg,/objects/thumbs/mantrams_tf3_larios_rc6_dhun-g1-038_20260211_th.jpg,,,https://doi.org/10.57754/FDAT.ghg0b-e6k30,
dhun-g1-039,dhun-g1,,Piyush Kukrety; Borayin Larios; Kanika Pruthi ,,,,,,,,,,,,,,image ,/objects/MANTRAMS_TF3_Larios_RC6_DHUN-G1-039_20260211.jpg,/objects/small/mantrams_tf3_larios_rc6_dhun-g1-039_20260211_sm.jpg,/objects/thumbs/mantrams_tf3_larios_rc6_dhun-g1-039_20260211_th.jpg,,,https://doi.org/10.57754/FDAT.ghg0b-e6k30,
dhun-g1-040,dhun-g1,,Piyush Kukrety; Borayin Larios; Kanika Pruthi ,,,,,,,,,,,,,,image ,/objects/MANTRAMS_TF3_Larios_RC6_DHUN-G1-040_20260211.jpg,/objects/small/mantrams_tf3_larios_rc6_dhun-g1-040_20260211_sm.jpg,/objects/thumbs/mantrams_tf3_larios_rc6_dhun-g1-040_20260211_th.jpg,,,https://doi.org/10.57754/FDAT.ghg0b-e6k30,
dhun-g1-041,dhun-g1,,Piyush Kukrety; Borayin Larios; Kanika Pruthi ,,,,,,,,,,,,,,image ,/objects/MANTRAMS_TF3_Larios_RC6_DHUN-G1-041_20250810.jpg,/objects/small/mantrams_tf3_larios_rc6_dhun-g1-041_20250810_sm.jpg,/objects/thumbs/mantrams_tf3_larios_rc6_dhun-g1-041_20250810_th.jpg,,,https://doi.org/10.57754/FDAT.ghg0b-e6k30,
dhun-g1-042,dhun-g1,,Piyush Kukrety; Borayin Larios; Kanika Pruthi ,,,,,,,,,,,,,,image ,/objects/MANTRAMS_TF3_Larios_RC6_DHUN-G1-042_20250810.jpg,/objects/small/mantrams_tf3_larios_rc6_dhun-g1-042_20250810_sm.jpg,/objects/thumbs/mantrams_tf3_larios_rc6_dhun-g1-042_20250810_th.jpg,,,https://doi.org/10.57754/FDAT.ghg0b-e6k30,
dhun-g1-043,dhun-g1,,Piyush Kukrety; Borayin Larios; Kanika Pruthi ,,,,,,,,,,,,,,image ,/objects/MANTRAMS_TF3_Larios_RC6_DHUN-G1-043_20250810.jpg,/objects/small/mantrams_tf3_larios_rc6_dhun-g1-043_20250810_sm.jpg,/objects/thumbs/mantrams_tf3_larios_rc6_dhun-g1-043_20250810_th.jpg,,,https://doi.org/10.57754/FDAT.ghg0b-e6k30,
dhun-g1-044,dhun-g1,,Piyush Kukrety; Borayin Larios; Kanika Pruthi ,,,,,,,,,,,,,,image ,/objects/MANTRAMS_TF3_Larios_RC6_DHUN-G1-044_20250810.jpg,/objects/small/mantrams_tf3_larios_rc6_dhun-g1-044_20250810_sm.jpg,/objects/thumbs/mantrams_tf3_larios_rc6_dhun-g1-044_20250810_th.jpg,,,https://doi.org/10.57754/FDAT.ghg0b-e6k30,
dhun-g1-045,dhun-g1,,Piyush Kukrety; Borayin Larios; Kanika Pruthi ,,,,,,,,,,,,,,image ,/objects/MANTRAMS_TF3_Larios_RC6_DHUN-G1-045_20250810.jpg,/objects/small/mantrams_tf3_larios_rc6_dhun-g1-045_20250810_sm.jpg,/objects/thumbs/mantrams_tf3_larios_rc6_dhun-g1-045_20250810_th.jpg,,,https://doi.org/10.57754/FDAT.ghg0b-e6k30,
dhun-g1-046,dhun-g1,,Piyush Kukrety; Borayin Larios; Kanika Pruthi ,,,,,,,,,,,,,,image ,/objects/MANTRAMS_TF3_Larios_RC6_DHUN-G1-046_20260210.jpg,/objects/small/mantrams_tf3_larios_rc6_dhun-g1-046_20260210_sm.jpg,/objects/thumbs/mantrams_tf3_larios_rc6_dhun-g1-046_20260210_th.jpg,,,https://doi.org/10.57754/FDAT.ghg0b-e6k30,
dhun-g1-047,dhun-g1,,Piyush Kukrety; Borayin Larios; Kanika Pruthi ,,,,,,,,,,,,,,image ,/objects/MANTRAMS_TF3_Larios_RC6_DHUN-G1-047_20260210.jpg,/objects/small/mantrams_tf3_larios_rc6_dhun-g1-047_20260210_sm.jpg,/objects/thumbs/mantrams_tf3_larios_rc6_dhun-g1-047_20260210_th.jpg,,,https://doi.org/10.57754/FDAT.ghg0b-e6k30,
dhun-g1-048,dhun-g1,,Piyush Kukrety; Borayin Larios; Kanika Pruthi ,,,,,,,,,,,,,,image ,/objects/MANTRAMS_TF3_Larios_RC6_DHUN-G1-048_20260210.jpg,/objects/small/mantrams_tf3_larios_rc6_dhun-g1-048_20260210_sm.jpg,/objects/thumbs/mantrams_tf3_larios_rc6_dhun-g1-048_20260210_th.jpg,,,https://doi.org/10.57754/FDAT.ghg0b-e6k30,
dhun-g1-049,dhun-g1,,Piyush Kukrety; Borayin Larios; Kanika Pruthi ,,,,,,,,,,,,,,image ,/objects/MANTRAMS_TF3_Larios_RC6_DHUN-G1-049_20260210.jpg,/objects/small/mantrams_tf3_larios_rc6_dhun-g1-049_20260210_sm.jpg,/objects/thumbs/mantrams_tf3_larios_rc6_dhun-g1-049_20260210_th.jpg,,,https://doi.org/10.57754/FDAT.ghg0b-e6k30,
dhun-g1-050,dhun-g1,,Piyush Kukrety; Borayin Larios; Kanika Pruthi ,,,,,,,,,,,,,,image ,/objects/MANTRAMS_TF3_Larios_RC6_DHUN-G1-050_20260210.jpg,/objects/small/mantrams_tf3_larios_rc6_dhun-g1-050_20260210_sm.jpg,/objects/thumbs/mantrams_tf3_larios_rc6_dhun-g1-050_20260210_th.jpg,,,https://doi.org/10.57754/FDAT.ghg0b-e6k30,
dhun-g1-051,dhun-g1,,Piyush Kukrety; Borayin Larios; Kanika Pruthi ,,,,,,,,,,,,,,image ,/objects/MANTRAMS_TF3_Larios_RC6_DHUN-G1-051_20260210.jpg,/objects/small/mantrams_tf3_larios_rc6_dhun-g1-051_20260210_sm.jpg,/objects/thumbs/mantrams_tf3_larios_rc6_dhun-g1-051_20260210_th.jpg,,,https://doi.org/10.57754/FDAT.ghg0b-e6k30,
dhun-g1-052,dhun-g1,,Piyush Kukrety; Borayin Larios; Kanika Pruthi ,,,,,,,,,,,,,,image ,/objects/MANTRAMS_TF3_Larios_RC6_DHUN-G1-052_20260210.jpg,/objects/small/mantrams_tf3_larios_rc6_dhun-g1-052_20260210_sm.jpg,/objects/thumbs/mantrams_tf3_larios_rc6_dhun-g1-052_20260210_th.jpg,,,https://doi.org/10.57754/FDAT.ghg0b-e6k30,
dhun-g1-053,dhun-g1,,Piyush Kukrety; Borayin Larios; Kanika Pruthi ,,,,,,,,,,,,,,image ,/objects/MANTRAMS_TF3_Larios_RC6_DHUN-G1-053_20250809.jpg,/objects/small/mantrams_tf3_larios_rc6_dhun-g1-053_20250809_sm.jpg,/objects/thumbs/mantrams_tf3_larios_rc6_dhun-g1-053_20250809_th.jpg,,,https://doi.org/10.57754/FDAT.ghg0b-e6k30,
dhun-g1-054,dhun-g1,,Piyush Kukrety; Borayin Larios; Kanika Pruthi ,,,,,,,,,,,,,,image ,/objects/MANTRAMS_TF3_Larios_RC6_DHUN-G1-054_20260209.jpg,/objects/small/mantrams_tf3_larios_rc6_dhun-g1-054_20260209_sm.jpg,/objects/thumbs/mantrams_tf3_larios_rc6_dhun-g1-054_20260209_th.jpg,,,https://doi.org/10.57754/FDAT.ghg0b-e6k30,
dhun-g1.055,dhun-g1,,Piyush Kukrety; Borayin Larios; Kanika Pruthi ,,,,,,,,,,,,,,image ,/objects/MANTRAMS_TF3_Larios_RC6_DHUN-G1-055_20260209.jpg,/objects/small/mantrams_tf3_larios_rc6_dhun-g1-055_20260209_sm.jpg,/objects/thumbs/mantrams_tf3_larios_rc6_dhun-g1-055_20260209_th.jpg,,,https://doi.org/10.57754/FDAT.ghg0b-e6k30,
dhun-g1-056,dhun-g1,,Piyush Kukrety; Borayin Larios; Kanika Pruthi ,,,,,,,,,,,,,,image ,/objects/MANTRAMS_TF3_Larios_RC6_DHUN-G1-056_20260209.jpg,/objects/small/mantrams_tf3_larios_rc6_dhun-g1-056_20260209_sm.jpg,/objects/thumbs/mantrams_tf3_larios_rc6_dhun-g1-056_20260209_th.jpg,,,https://doi.org/10.57754/FDAT.ghg0b-e6k30,
dhun-g1-057,dhun-g1,,Piyush Kukrety; Borayin Larios; Kanika Pruthi ,,,,,,,,,,,,,,image ,/objects/MANTRAMS_TF3_Larios_RC6_DHUN-G1-057_20260209.jpg,/objects/small/mantrams_tf3_larios_rc6_dhun-g1-057_20260209_sm.jpg,/objects/thumbs/mantrams_tf3_larios_rc6_dhun-g1-057_20260209_th.jpg,,,https://doi.org/10.57754/FDAT.ghg0b-e6k30,
dhun-g1-058,dhun-g1,,Piyush Kukrety; Borayin Larios; Kanika Pruthi ,,,,,,,,,,,,,,image ,/objects/MANTRAMS_TF3_Larios_RC6_DHUN-G1-058_20260209.jpg,/objects/small/mantrams_tf3_larios_rc6_dhun-g1-058_20260209_sm.jpg,/objects/thumbs/mantrams_tf3_larios_rc6_dhun-g1-058_20260209_th.jpg,,,https://doi.org/10.57754/FDAT.ghg0b-e6k30,
dhun-g1-059,dhun-g1,,Piyush Kukrety; Borayin Larios; Kanika Pruthi ,,,,,,,,,,,,,,image ,/objects/MANTRAMS_TF3_Larios_RC6_DHUN-G1-059_20260209.jpg,/objects/small/mantrams_tf3_larios_rc6_dhun-g1-059_20260209_sm.jpg,/objects/thumbs/mantrams_tf3_larios_rc6_dhun-g1-059_20260209_th.jpg,,,https://doi.org/10.57754/FDAT.ghg0b-e6k30,
dhun-g1-060,dhun-g1,,Piyush Kukrety; Borayin Larios; Kanika Pruthi ,,,,,,,,,,,,,,image ,/objects/MANTRAMS_TF3_Larios_RC6_DHUN-G1-060_20260209.jpg,/objects/small/mantrams_tf3_larios_rc6_dhun-g1-060_20260209_sm.jpg,/objects/thumbs/mantrams_tf3_larios_rc6_dhun-g1-060_20260209_th.jpg,,,https://doi.org/10.57754/FDAT.ghg0b-e6k30,
dhun-g1-061,dhun-g1,,Piyush Kukrety; Borayin Larios; Kanika Pruthi ,,,,,,,,,,,,,,image ,/objects/MANTRAMS_TF3_Larios_RC6_DHUN-G1-061_20260209.jpg,/objects/small/mantrams_tf3_larios_rc6_dhun-g1-061_20260209_sm.jpg,/objects/thumbs/mantrams_tf3_larios_rc6_dhun-g1-061_20260209_th.jpg,,,https://doi.org/10.57754/FDAT.ghg0b-e6k30,
dhun-g1-062,dhun-g1,,Piyush Kukrety; Borayin Larios; Kanika Pruthi ,,,,,,,,,,,,,,image ,/objects/MANTRAMS_TF3_Larios_RC6_DHUN-G1-062_20260209.jpg,/objects/small/mantrams_tf3_larios_rc6_dhun-g1-062_20260209_sm.jpg,/objects/thumbs/mantrams_tf3_larios_rc6_dhun-g1-062_20260209_th.jpg,,,https://doi.org/10.57754/FDAT.ghg0b-e6k30,
dhun-g1-063,dhun-g1,,Piyush Kukrety; Borayin Larios; Kanika Pruthi ,,,,,,,,,,,,,,image ,/objects/MANTRAMS_TF3_Larios_RC6_DHUN-G1-063_20250808.jpg,/objects/small/mantrams_tf3_larios_rc6_dhun-g1-063_20250808_sm.jpg,/objects/thumbs/mantrams_tf3_larios_rc6_dhun-g1-063_20250808_th.jpg,,,https://doi.org/10.57754/FDAT.ghg0b-e6k30,
dhun-g1-064,dhun-g1,,Piyush Kukrety; Borayin Larios; Kanika Pruthi ,,,,,,,,,,,,,,image ,/objects/MANTRAMS_TF3_Larios_RC6_DHUN-G1-064_20260508.png,/objects/small/mantrams_tf3_larios_rc6_dhun-g1-064_20260508_sm.jpg,/objects/thumbs/mantrams_tf3_larios_rc6_dhun-g1-064_20260508_th.jpg,,,https://doi.org/10.57754/FDAT.ghg0b-e6k30,
dhun-g1-065,dhun-g1,,Piyush Kukrety; Borayin Larios; Kanika Pruthi ,,,,,,,,,,,,,,image ,/objects/MANTRAMS_TF3_Larios_RC6_DHUN-G1-065_20260401.jpg,/objects/small/mantrams_tf3_larios_rc6_dhun-g1-065_20260401_sm.jpg,/objects/thumbs/mantrams_tf3_larios_rc6_dhun-g1-065_20260401_th.jpg,,,https://doi.org/10.57754/FDAT.ghg0b-e6k30,
dhun-g1-066,dhun-g1,,Piyush Kukrety; Borayin Larios; Kanika Pruthi ,,,,,,,,,,,,,,image ,/objects/MANTRAMS_TF3_Larios_RC6_DHUN-G1-066_20260208.jpg,/objects/small/mantrams_tf3_larios_rc6_dhun-g1-066_20260208_sm.jpg,/objects/thumbs/mantrams_tf3_larios_rc6_dhun-g1-066_20260208_th.jpg,,,https://doi.org/10.57754/FDAT.ghg0b-e6k30,
dhun-g1-067,dhun-g1,,Piyush Kukrety; Borayin Larios; Kanika Pruthi ,,,,,,,,,,,,,,image ,/objects/MANTRAMS_TF3_Larios_RC6_DHUN-G1-067_20260208.jpg,/objects/small/mantrams_tf3_larios_rc6_dhun-g1-067_20260208_sm.jpg,/objects/thumbs/mantrams_tf3_larios_rc6_dhun-g1-067_20260208_th.jpg,,,https://doi.org/10.57754/FDAT.ghg0b-e6k30,
dhun-g1-068,dhun-g1,,Piyush Kukrety; Borayin Larios; Kanika Pruthi ,,,,,,,,,,,,,,image ,/objects/MANTRAMS_TF3_Larios_RC6_DHUN-G1-068_20260208.jpg,/objects/small/mantrams_tf3_larios_rc6_dhun-g1-068_20260208_sm.jpg,/objects/thumbs/mantrams_tf3_larios_rc6_dhun-g1-068_20260208_th.jpg,,,https://doi.org/10.57754/FDAT.ghg0b-e6k30,
dhun-g1-069,dhun-g1,,Piyush Kukrety; Borayin Larios; Kanika Pruthi ,,,,,,,,,,,,,,image ,/objects/MANTRAMS_TF3_Larios_RC6_DHUN-G1-069_20260208.jpg,/objects/small/mantrams_tf3_larios_rc6_dhun-g1-069_20260208_sm.jpg,/objects/thumbs/mantrams_tf3_larios_rc6_dhun-g1-069_20260208_th.jpg,,,https://doi.org/10.57754/FDAT.ghg0b-e6k30,
dhun-g1-070,dhun-g1,,Piyush Kukrety; Borayin Larios; Kanika Pruthi ,,,,,,,,,,,,,,image ,/objects/MANTRAMS_TF3_Larios_RC6_DHUN-G1-070_20260208.jpg,/objects/small/mantrams_tf3_larios_rc6_dhun-g1-070_20260208_sm.jpg,/objects/thumbs/mantrams_tf3_larios_rc6_dhun-g1-070_20260208_th.jpg,,,https://doi.org/10.57754/FDAT.ghg0b-e6k30,
dhun-g1-071,dhun-g1,,Piyush Kukrety; Borayin Larios; Kanika Pruthi ,,,,,,,,,,,,,,image ,/objects/MANTRAMS_TF3_Larios_RC6_DHUN-G1-071_20260208.jpg,/objects/small/mantrams_tf3_larios_rc6_dhun-g1-071_20260208_sm.jpg,/objects/thumbs/mantrams_tf3_larios_rc6_dhun-g1-071_20260208_th.jpg,,,https://doi.org/10.57754/FDAT.ghg0b-e6k30,
dhun-g1-072,dhun-g1,,Piyush Kukrety; Borayin Larios; Kanika Pruthi ,,,,,,,,,,,,,,image ,/objects/MANTRAMS_TF3_Larios_RC6_DHUN-G1-072_20260207.jpg,/objects/small/mantrams_tf3_larios_rc6_dhun-g1-072_20260207_sm.jpg,/objects/thumbs/mantrams_tf3_larios_rc6_dhun-g1-072_20260207_th.jpg,,,https://doi.org/10.57754/FDAT.ghg0b-e6k30,
dhun-g1-073,dhun-g1,,Piyush Kukrety; Borayin Larios; Kanika Pruthi ,,,,,,,,,,,,,,image ,/objects/MANTRAMS_TF3_Larios_RC6_DHUN-G1-073_20260207.jpg,/objects/small/mantrams_tf3_larios_rc6_dhun-g1-073_20260207_sm.jpg,/objects/thumbs/mantrams_tf3_larios_rc6_dhun-g1-073_20260207_th.jpg,,,https://doi.org/10.57754/FDAT.ghg0b-e6k30,
dhun-g1-074,dhun-g1,,Piyush Kukrety; Borayin Larios; Kanika Pruthi ,,,,,,,,,,,,,,image ,/objects/MANTRAMS_TF3_Larios_RC6_DHUN-G1-074_20260207.jpg,/objects/small/mantrams_tf3_larios_rc6_dhun-g1-074_20260207_sm.jpg,/objects/thumbs/mantrams_tf3_larios_rc6_dhun-g1-074_20260207_th.jpg,,,https://doi.org/10.57754/FDAT.ghg0b-e6k30,
dhun-g1-075,dhun-g1,,Piyush Kukrety; Borayin Larios; Kanika Pruthi ,,,,,,,,,,,,,,image ,/objects/MANTRAMS_TF3_Larios_RC6_DHUN-G1-075_20260207.jpg,/objects/small/mantrams_tf3_larios_rc6_dhun-g1-075_20260207_sm.jpg,/objects/thumbs/mantrams_tf3_larios_rc6_dhun-g1-075_20260207_th.jpg,,,https://doi.org/10.57754/FDAT.ghg0b-e6k30,
dhun-g1-076,dhun-g1,,Piyush Kukrety; Borayin Larios; Kanika Pruthi ,,,,,,,,,,,,,,image ,/objects/MANTRAMS_TF3_Larios_RC6_DHUN-G1-076_20260207.jpg,/objects/small/mantrams_tf3_larios_rc6_dhun-g1-076_20260207_sm.jpg,/objects/thumbs/mantrams_tf3_larios_rc6_dhun-g1-076_20260207_th.jpg,,,https://doi.org/10.57754/FDAT.ghg0b-e6k30,
dhun-g1-077,dhun-g1,,Piyush Kukrety; Borayin Larios; Kanika Pruthi ,,,,,,,,,,,,,,image ,/objects/MANTRAMS_TF3_Larios_RC6_DHUN-G1-077_20260207.jpg,/objects/small/mantrams_tf3_larios_rc6_dhun-g1-077_20260207_sm.jpg,/objects/thumbs/mantrams_tf3_larios_rc6_dhun-g1-077_20260207_th.jpg,,,https://doi.org/10.57754/FDAT.ghg0b-e6k30,
dhun-g1-078,dhun-g1,,Piyush Kukrety; Borayin Larios; Kanika Pruthi ,,,,,,,,,,,,,,image ,/objects/MANTRAMS_TF3_Larios_RC6_DHUN-G1-078_20250806.jpg,/objects/small/mantrams_tf3_larios_rc6_dhun-g1-078_20250806_sm.jpg,/objects/thumbs/mantrams_tf3_larios_rc6_dhun-g1-078_20250806_th.jpg,,,https://doi.org/10.57754/FDAT.ghg0b-e6k30,
dhun-g1-079,dhun-g1,,Piyush Kukrety; Borayin Larios; Kanika Pruthi ,,,,,,,,,,,,,,image ,/objects/MANTRAMS_TF3_Larios_RC6_DHUN-G1-079_20250806.jpg,/objects/small/mantrams_tf3_larios_rc6_dhun-g1-079_20250806_sm.jpg,/objects/thumbs/mantrams_tf3_larios_rc6_dhun-g1-079_20250806_th.jpg,,,https://doi.org/10.57754/FDAT.ghg0b-e6k30,
dhun-g1-080,dhun-g1,,Piyush Kukrety; Borayin Larios; Kanika Pruthi ,,,,,,,,,,,,,,image ,/objects/MANTRAMS_TF3_Larios_RC6_DHUN-G1-080_20250806.jpg,/objects/small/mantrams_tf3_larios_rc6_dhun-g1-080_20250806_sm.jpg,/objects/thumbs/mantrams_tf3_larios_rc6_dhun-g1-080_20250806_th.jpg,,,https://doi.org/10.57754/FDAT.ghg0b-e6k30,
dhun-g1-081,dhun-g1,,Piyush Kukrety; Borayin Larios; Kanika Pruthi ,,,,,,,,,,,,,,image ,/objects/MANTRAMS_TF3_Larios_RC6_DHUN-G1-081_20250806.jpg,/objects/small/mantrams_tf3_larios_rc6_dhun-g1-081_20250806_sm.jpg,/objects/thumbs/mantrams_tf3_larios_rc6_dhun-g1-081_20250806_th.jpg,,,https://doi.org/10.57754/FDAT.ghg0b-e6k30,
dhun-g1-082,dhun-g1,,Piyush Kukrety; Borayin Larios; Kanika Pruthi ,,,,,,,,,,,,,,image ,/objects/MANTRAMS_TF3_Larios_RC6_DHUN-G1-082_20260206.jpg,/objects/small/mantrams_tf3_larios_rc6_dhun-g1-082_20260206_sm.jpg,/objects/thumbs/mantrams_tf3_larios_rc6_dhun-g1-082_20260206_th.jpg,,,https://doi.org/10.57754/FDAT.ghg0b-e6k30,
dhun-g1-083,dhun-g1,,Piyush Kukrety; Borayin Larios; Kanika Pruthi ,,,,,,,,,,,,,,image ,/objects/MANTRAMS_TF3_Larios_RC6_DHUN-G1-083_20260206.jpg,/objects/small/mantrams_tf3_larios_rc6_dhun-g1-083_20260206_sm.jpg,/objects/thumbs/mantrams_tf3_larios_rc6_dhun-g1-083_20260206_th.jpg,,,https://doi.org/10.57754/FDAT.ghg0b-e6k30,
dhun-g1-084,dhun-g1,,Piyush Kukrety; Borayin Larios; Kanika Pruthi ,,,,,,,,,,,,,,image ,/objects/MANTRAMS_TF3_Larios_RC6_DHUN-G1-084_20260206.jpg,/objects/small/mantrams_tf3_larios_rc6_dhun-g1-084_20260206_sm.jpg,/objects/thumbs/mantrams_tf3_larios_rc6_dhun-g1-084_20260206_th.jpg,,,https://doi.org/10.57754/FDAT.ghg0b-e6k30,
dhun-g1-085,dhun-g1,,Piyush Kukrety; Borayin Larios; Kanika Pruthi ,,,,,,,,,,,,,,image ,/objects/MANTRAMS_TF3_Larios_RC6_DHUN-G1-085_20260206.jpg,/objects/small/mantrams_tf3_larios_rc6_dhun-g1-085_20260206_sm.jpg,/objects/thumbs/mantrams_tf3_larios_rc6_dhun-g1-085_20260206_th.jpg,,,https://doi.org/10.57754/FDAT.ghg0b-e6k30,
dhun-g1-086,dhun-g1,,Piyush Kukrety; Borayin Larios; Kanika Pruthi ,,,,,,,,,,,,,,image ,/objects/MANTRAMS_TF3_Larios_RC6_DHUN-G1-086_20260206.jpg,/objects/small/mantrams_tf3_larios_rc6_dhun-g1-086_20260206_sm.jpg,/objects/thumbs/mantrams_tf3_larios_rc6_dhun-g1-086_20260206_th.jpg,,,https://doi.org/10.57754/FDAT.ghg0b-e6k30,
dhun-g1-087,dhun-g1,,Piyush Kukrety; Borayin Larios; Kanika Pruthi ,,,,,,,,,,,,,,image ,/objects/MANTRAMS_TF3_Larios_RC6_DHUN-G1-087_20260206.jpg,/objects/small/mantrams_tf3_larios_rc6_dhun-g1-087_20260206_sm.jpg,/objects/thumbs/mantrams_tf3_larios_rc6_dhun-g1-087_20260206_th.jpg,,,https://doi.org/10.57754/FDAT.ghg0b-e6k30,
dhun-g1-088,dhun-g1,,Piyush Kukrety; Borayin Larios; Kanika Pruthi ,,,,,,,,,,,,,,image ,/objects/MANTRAMS_TF3_Larios_RC6_DHUN-G1-088_20260206.jpg,/objects/small/mantrams_tf3_larios_rc6_dhun-g1-088_20260206_sm.jpg,/objects/thumbs/mantrams_tf3_larios_rc6_dhun-g1-088_20260206_th.jpg,,,https://doi.org/10.57754/FDAT.ghg0b-e6k30,
dhun-g1-089,dhun-g1,,Piyush Kukrety; Borayin Larios; Kanika Pruthi ,,,,,,,,,,,,,,image ,/objects/MANTRAMS_TF3_Larios_RC6_DHUN-G1-089_20250803.jpg,/objects/small/mantrams_tf3_larios_rc6_dhun-g1-089_20250803_sm.jpg,/objects/thumbs/mantrams_tf3_larios_rc6_dhun-g1-089_20250803_th.jpg,,,https://doi.org/10.57754/FDAT.ghg0b-e6k30,
dhun-g1-090,dhun-g1,,Piyush Kukrety; Borayin Larios; Kanika Pruthi ,,,,,,,,,,,,,,image ,/objects/MANTRAMS_TF3_Larios_RC6_DHUN-G1-090_20250803.jpg,/objects/small/mantrams_tf3_larios_rc6_dhun-g1-090_20250803_sm.jpg,/objects/thumbs/mantrams_tf3_larios_rc6_dhun-g1-090_20250803_th.jpg,,,https://doi.org/10.57754/FDAT.ghg0b-e6k30,
dhun-g1-091,dhun-g1,,Piyush Kukrety; Borayin Larios; Kanika Pruthi ,,,,,,,,,,,,,,image ,/objects/MANTRAMS_TF3_Larios_RC6_DHUN-G1-091_20260203.jpg,/objects/small/mantrams_tf3_larios_rc6_dhun-g1-091_20260203_sm.jpg,/objects/thumbs/mantrams_tf3_larios_rc6_dhun-g1-091_20260203_th.jpg,,,https://doi.org/10.57754/FDAT.ghg0b-e6k30,
dhun-g1-092,dhun-g1,,Piyush Kukrety; Borayin Larios; Kanika Pruthi ,,,,,,,,,,,,,,image ,/objects/MANTRAMS_TF3_Larios_RC6_DHUN-G1-092_20260203.jpg,/objects/small/mantrams_tf3_larios_rc6_dhun-g1-092_20260203_sm.jpg,/objects/thumbs/mantrams_tf3_larios_rc6_dhun-g1-092_20260203_th.jpg,,,https://doi.org/10.57754/FDAT.ghg0b-e6k30,
dhun-g1-093,dhun-g1,,Piyush Kukrety; Borayin Larios; Kanika Pruthi ,,,,,,,,,,,,,,image ,/objects/MANTRAMS_TF3_Larios_RC6_DHUN-G1-093_20260202.jpg,/objects/small/mantrams_tf3_larios_rc6_dhun-g1-093_20260202_sm.jpg,/objects/thumbs/mantrams_tf3_larios_rc6_dhun-g1-093_20260202_th.jpg,,,https://doi.org/10.57754/FDAT.ghg0b-e6k30,
dhun-g1-094,dhun-g1,,Piyush Kukrety; Borayin Larios; Kanika Pruthi ,,,,,,,,,,,,,,image ,/objects/MANTRAMS_TF3_Larios_RC6_DHUN-G1-094_20260202.jpg,/objects/small/mantrams_tf3_larios_rc6_dhun-g1-094_20260202_sm.jpg,/objects/thumbs/mantrams_tf3_larios_rc6_dhun-g1-094_20260202_th.jpg,,,https://doi.org/10.57754/FDAT.ghg0b-e6k30,
dhun-g1-095,dhun-g1,,Piyush Kukrety; Borayin Larios; Kanika Pruthi ,,,,,,,,,,,,,,image ,/objects/MANTRAMS_TF3_Larios_RC6_DHUN-G1-095_20260202.jpg,/objects/small/mantrams_tf3_larios_rc6_dhun-g1-095_20260202_sm.jpg,/objects/thumbs/mantrams_tf3_larios_rc6_dhun-g1-095_20260202_th.jpg,,,https://doi.org/10.57754/FDAT.ghg0b-e6k30,
dhun-g1-096,dhun-g1,,Piyush Kukrety; Borayin Larios; Kanika Pruthi ,,,,,,,,,,,,,,image ,/objects/MANTRAMS_TF3_Larios_RC6_DHUN-G1-096_20260201.jpg,/objects/small/mantrams_tf3_larios_rc6_dhun-g1-096_20260201_sm.jpg,/objects/thumbs/mantrams_tf3_larios_rc6_dhun-g1-096_20260201_th.jpg,,,https://doi.org/10.57754/FDAT.ghg0b-e6k30,
dhun-g1-097,dhun-g1,,Piyush Kukrety; Borayin Larios; Kanika Pruthi ,,,,,,,,,,,,,,image ,/objects/MANTRAMS_TF3_Larios_RC6_DHUN-G1-097_20260201.jpg,/objects/small/mantrams_tf3_larios_rc6_dhun-g1-097_20260201_sm.jpg,/objects/thumbs/mantrams_tf3_larios_rc6_dhun-g1-097_20260201_th.jpg,,,https://doi.org/10.57754/FDAT.ghg0b-e6k30,
dhun-g1-098,dhun-g1,,Piyush Kukrety; Borayin Larios; Kanika Pruthi ,,,,,,,,,,,,,,image ,/objects/MANTRAMS_TF3_Larios_RC6_DHUN-G1-098_20260201.jpg,/objects/small/mantrams_tf3_larios_rc6_dhun-g1-098_20260201_sm.jpg,/objects/thumbs/mantrams_tf3_larios_rc6_dhun-g1-098_20260201_th.jpg,,,https://doi.org/10.57754/FDAT.ghg0b-e6k30,
dhun-g1-099,dhun-g1,,Piyush Kukrety; Borayin Larios; Kanika Pruthi ,,,,,,,,,,,,,,image ,/objects/MANTRAMS_TF3_Larios_RC6_DHUN-G1-099_20260201.jpg,/objects/small/mantrams_tf3_larios_rc6_dhun-g1-099_20260201_sm.jpg,/objects/thumbs/mantrams_tf3_larios_rc6_dhun-g1-099_20260201_th.jpg,,,https://doi.org/10.57754/FDAT.ghg0b-e6k30,
dhun-g1-100,dhun-g1,,Piyush Kukrety; Borayin Larios; Kanika Pruthi ,,,,,,,,,,,,,,image ,/objects/MANTRAMS_TF3_Larios_RC6_DHUN-G1-100_20260210.jpg,/objects/small/mantrams_tf3_larios_rc6_dhun-g1-100_20260210_sm.jpg,/objects/thumbs/mantrams_tf3_larios_rc6_dhun-g1-100_20260210_th.jpg,,,https://doi.org/10.57754/FDAT.ghg0b-e6k30,
dhun-g1-101,dhun-g1,,Piyush Kukrety; Borayin Larios; Kanika Pruthi ,,,,,,,,,,,,,,image ,/objects/MANTRAMS_TF3_Larios_RC6_DHUN-G1-101_20260201.jpg,/objects/small/mantrams_tf3_larios_rc6_dhun-g1-101_20260201_sm.jpg,/objects/thumbs/mantrams_tf3_larios_rc6_dhun-g1-101_20260201_th.jpg,,,https://doi.org/10.57754/FDAT.ghg0b-e6k30,
dhun-g1-102,dhun-g1,,Piyush Kukrety; Borayin Larios; Kanika Pruthi ,,,,,,,,,,,,,,image ,/objects/MANTRAMS_TF3_Larios_RC6_DHUN-G1-102_20260201.jpg,/objects/small/mantrams_tf3_larios_rc6_dhun-g1-102_20260201_sm.jpg,/objects/thumbs/mantrams_tf3_larios_rc6_dhun-g1-102_20260201_th.jpg,,,https://doi.org/10.57754/FDAT.ghg0b-e6k30,
dhun-g1-103,dhun-g1,,Piyush Kukrety; Borayin Larios; Kanika Pruthi ,,,,,,,,,,,,,,image ,/objects/MANTRAMS_TF3_Larios_RC6_DHUN-G1-103_20250809.jpg,/objects/small/mantrams_tf3_larios_rc6_dhun-g1-103_20250809_sm.jpg,/objects/thumbs/mantrams_tf3_larios_rc6_dhun-g1-103_20250809_th.jpg,,,https://doi.org/10.57754/FDAT.ghg0b-e6k30,
dhun-g1-104,dhun-g1,,Piyush Kukrety; Borayin Larios; Kanika Pruthi ,,,,,,,,,,,,,,image ,/objects/MANTRAMS_TF3_Larios_RC6_DHUN-G1-104_20260212.jpg,/objects/small/mantrams_tf3_larios_rc6_dhun-g1-104_20260212_sm.jpg,/objects/thumbs/mantrams_tf3_larios_rc6_dhun-g1-104_20260212_th.jpg,,,https://doi.org/10.57754/FDAT.ghg0b-e6k30,
dhun-g1-105,dhun-g1,,Piyush Kukrety; Borayin Larios; Kanika Pruthi ,,,,,,,,,,,,,,image ,/objects/MANTRAMS_TF3_Larios_RC6_DHUN-G1-105_20260208.jpg,/objects/small/mantrams_tf3_larios_rc6_dhun-g1-105_20260208_sm.jpg,/objects/thumbs/mantrams_tf3_larios_rc6_dhun-g1-105_20260208_th.jpg,,,https://doi.org/10.57754/FDAT.ghg0b-e6k30,
dhun-g1-106,dhun-g1,,Piyush Kukrety; Borayin Larios; Kanika Pruthi ,,,,,,,,,,,,,,image ,/objects/MANTRAMS_TF3_Larios_RC6_DHUN-G1-106_20231209.JPG,/objects/small/mantrams_tf3_larios_rc6_dhun-g1-106_20231209_sm.jpg,/objects/thumbs/mantrams_tf3_larios_rc6_dhun-g1-106_20231209_th.jpg,,,https://doi.org/10.57754/FDAT.ghg0b-e6k30,
dhun-g1-107,dhun-g1,,Piyush Kukrety; Borayin Larios; Kanika Pruthi ,,,,,,,,,,,,,,image ,/objects/MANTRAMS_TF3_Kukrety_RC6_DHUN-G1-107_20260205.jpg,/objects/small/mantrams_tf3_kukrety_rc6_dhun-g1-107_20260205_sm.jpg,/objects/thumbs/mantrams_tf3_kukrety_rc6_dhun-g1-107_20260205_th.jpg,,,https://doi.org/10.57754/FDAT.ghg0b-e6k30,
dhun-g1-108,dhun-g1,,Piyush Kukrety; Borayin Larios; Kanika Pruthi ,,,,,,,,,,,,,,image ,/objects/MANTRAMS_TF3_Kukrety_RC6_DHUN-G1-108_20250812.jpeg,/objects/small/mantrams_tf3_kukrety_rc6_dhun-g1-108_20250812_sm.jpg,/objects/thumbs/mantrams_tf3_kukrety_rc6_dhun-g1-108_20250812_th.jpg,,,https://doi.org/10.57754/FDAT.ghg0b-e6k30,
dhun-g1-109,dhun-g1,,Piyush Kukrety; Borayin Larios; Kanika Pruthi ,,,,,,,,,,,,,,image ,/objects/MANTRAMS_TF3_Kukrety_RC6_DHUN-G1-109_20260206.jpg,/objects/small/mantrams_tf3_kukrety_rc6_dhun-g1-109_20260206_sm.jpg,/objects/thumbs/mantrams_tf3_kukrety_rc6_dhun-g1-109_20260206_th.jpg,,,https://doi.org/10.57754/FDAT.ghg0b-e6k30,
dhun-g1-110,dhun-g1,,Piyush Kukrety; Borayin Larios; Kanika Pruthi ,,,,,,,,,,,,,,image ,/objects/MANTRAMS_TF3_Kukrety_RC6_DHUN-G1-110_20250806.jpg,/objects/small/mantrams_tf3_kukrety_rc6_dhun-g1-110_20250806_sm.jpg,/objects/thumbs/mantrams_tf3_kukrety_rc6_dhun-g1-110_20250806_th.jpg,,,https://doi.org/10.57754/FDAT.ghg0b-e6k30,
dhun-g1-111,dhun-g1,,Piyush Kukrety; Borayin Larios; Kanika Pruthi ,,,,,,,,,,,,,,image ,/objects/MANTRAMS_TF3_Kukrety_RC6_DHUN-G1-111_20250819.jpg,/objects/small/mantrams_tf3_kukrety_rc6_dhun-g1-111_20250819_sm.jpg,/objects/thumbs/mantrams_tf3_kukrety_rc6_dhun-g1-111_20250819_th.jpg,,,https://doi.org/10.57754/FDAT.ghg0b-e6k30,
dhun-g1-112,dhun-g1,,Piyush Kukrety; Borayin Larios; Kanika Pruthi ,,,,,,,,,,,,,,image ,/objects/MANTRAMS_TF3_Kukrety_RC6_DHUN-G1-112_20260201.jpg,/objects/small/mantrams_tf3_kukrety_rc6_dhun-g1-112_20260201_sm.jpg,/objects/thumbs/mantrams_tf3_kukrety_rc6_dhun-g1-112_20260201_th.jpg,,,https://doi.org/10.57754/FDAT.ghg0b-e6k30,
dhun-g1-113,dhun-g1,,Piyush Kukrety; Borayin Larios; Kanika Pruthi ,,,,,,,,,,,,,,image ,/objects/MANTRAMS_TF3_Kukrety_RC6_DHUN-G1-113_20260210.jpg,/objects/small/mantrams_tf3_kukrety_rc6_dhun-g1-113_20260210_sm.jpg,/objects/thumbs/mantrams_tf3_kukrety_rc6_dhun-g1-113_20260210_th.jpg,,,https://doi.org/10.57754/FDAT.ghg0b-e6k30,
dhun-g1-114,dhun-g1,,Piyush Kukrety; Borayin Larios; Kanika Pruthi ,,,,,,,,,,,,,,image ,/objects/MANTRAMS_TF3_Kukrety_RC6_DHUN-G1-114_20260215.jpg,/objects/small/mantrams_tf3_kukrety_rc6_dhun-g1-114_20260215_sm.jpg,/objects/thumbs/mantrams_tf3_kukrety_rc6_dhun-g1-114_20260215_th.jpg,,,https://doi.org/10.57754/FDAT.ghg0b-e6k30,
dhun-g1-115,dhun-g1,,Piyush Kukrety; Borayin Larios; Kanika Pruthi ,,,,,,,,,,,,,,image ,/objects/MANTRAMS_TF3_Kukrety_RC6_DHUN-G1-115_20260215.jpg,/objects/small/mantrams_tf3_kukrety_rc6_dhun-g1-115_20260215_sm.jpg,/objects/thumbs/mantrams_tf3_kukrety_rc6_dhun-g1-115_20260215_th.jpg,,,https://doi.org/10.57754/FDAT.ghg0b-e6k30,
dhun-g1-116,dhun-g1,,Piyush Kukrety; Borayin Larios; Kanika Pruthi ,,,,,,,,,,,,,,image ,/objects/MANTRAMS_TF3_Kukrety_RC6_DHUN-G1-116_20260206.jpg,/objects/small/mantrams_tf3_kukrety_rc6_dhun-g1-116_20260206_sm.jpg,/objects/thumbs/mantrams_tf3_kukrety_rc6_dhun-g1-116_20260206_th.jpg,,,https://doi.org/10.57754/FDAT.ghg0b-e6k30,
dhun-g1-117,dhun-g1,,Piyush Kukrety; Borayin Larios; Kanika Pruthi ,,,,,,,,,,,,,,image ,/objects/MANTRAMS_TF3_Kukrety_RC6_DHUN-G1-117_20250811.jpg,/objects/small/mantrams_tf3_kukrety_rc6_dhun-g1-117_20250811_sm.jpg,/objects/thumbs/mantrams_tf3_kukrety_rc6_dhun-g1-117_20250811_th.jpg,,,https://doi.org/10.57754/FDAT.ghg0b-e6k30,
dhun-g2,,Mobilising the name / Ram of Ram raj (DHUN Gallery 2),Piyush Kukrety; Borayin Larios; Kanika Pruthi ,2025-2026,"The name becomes spatial. Across the city, chants, symbols, and visual signs associated with politics appear on mass produced bazaar paraphenalia, flags, fabrics, garments, and digital surfaces. Repeated across streets, walls, bodies, and screens, these forms transform political language into atmosphere. The circulation of Rām as a public image, however, did not emerge suddenly in the present moment. Throughout the twentieth century, the name moved across devotional practice, anti-colonial discourse, popular cinema, print culture, public ritual, and nationalist imagination- evolving, changing and reclaiming its visible and territorial presence in everyday life. Contains stickers, walls, paper, stairs, temple, flag, newspaper strips, tiles, poster, shrine, movie poster, plastic, stone, cloth.",dhun; digital essay,"Varanasi, Uttar Pradesh, India ",25.19,82.59,,,,,,,https://creativecommons.org/licenses/by/4.0/,compound_object ,,,/objects/thumbs/mantrams_tf3_larios_rc6_dhun-g2-019_20260213_th.jpg,,"राम -नाम, जय श्री राम, श्री राम, राम, राधे-राम Rām-nām, Jay Śrī Rām, Śrī Rām, Rām, Rādhe-Rām, Raam-naam, jay shrii raam, shrii raam, raam, raadhe-raam. (Scriptures in different scripts, mainly Devanagari. Handwritten, printed fonts and  engraved. Some inscriptions are ellegible/partially visble.)",https://doi.org/10.57754/FDAT.ghg0b-e6k30,dhun
dhun-g2-001,dhun-g2,,Piyush Kukrety; Borayin Larios; Kanika Pruthi ,,,,,,,,,,,,,,image,/objects/MANTRAMS_TF3_Larios_RC6_DHUN-G2-001_20260212.jpg,/objects/small/mantrams_tf3_larios_rc6_dhun-g2-001_20260212_sm.jpg,/objects/thumbs/mantrams_tf3_larios_rc6_dhun-g2-001_20260212_th.jpg,,,https://doi.org/10.57754/FDAT.ghg0b-e6k30,
dhun-g2-002,dhun-g2,,Piyush Kukrety; Borayin Larios; Kanika Pruthi ,,,,,,,,,,,,,,image,/objects/MANTRAMS_TF3_Larios_RC6_DHUN-G2-002_20260212.jpg,/objects/small/mantrams_tf3_larios_rc6_dhun-g2-002_20260212_sm.jpg,/objects/thumbs/mantrams_tf3_larios_rc6_dhun-g2-002_20260212_th.jpg,,,https://doi.org/10.57754/FDAT.ghg0b-e6k30,
dhun-g2-003,dhun-g2,,Piyush Kukrety; Borayin Larios; Kanika Pruthi ,,,,,,,,,,,,,,image,/objects/MANTRAMS_TF3_Larios_RC6_DHUN-G2-003_20260204.jpg,/objects/small/mantrams_tf3_larios_rc6_dhun-g2-003_20260204_sm.jpg,/objects/thumbs/mantrams_tf3_larios_rc6_dhun-g2-003_20260204_th.jpg,,,https://doi.org/10.57754/FDAT.ghg0b-e6k30,
dhun-g2-004,dhun-g2,,Piyush Kukrety; Borayin Larios; Kanika Pruthi ,,,,,,,,,,,,,,image,/objects/MANTRAMS_TF3_Larios_RC6_DHUN-G2-004_20260128.jpg,/objects/small/mantrams_tf3_larios_rc6_dhun-g2-004_20260128_sm.jpg,/objects/thumbs/mantrams_tf3_larios_rc6_dhun-g2-004_20260128_th.jpg,,,https://doi.org/10.57754/FDAT.ghg0b-e6k30,
dhun-g2-005,dhun-g2,,Piyush Kukrety; Borayin Larios; Kanika Pruthi ,,,,,,,,,,,,,,image,/objects/MANTRAMS_TF3_Larios_RC6_DHUN-G2-005_20260125.jpg,/objects/small/mantrams_tf3_larios_rc6_dhun-g2-005_20260125_sm.jpg,/objects/thumbs/mantrams_tf3_larios_rc6_dhun-g2-005_20260125_th.jpg,,,https://doi.org/10.57754/FDAT.ghg0b-e6k30,
dhun-g2-006,dhun-g2,,Piyush Kukrety; Borayin Larios; Kanika Pruthi ,,,,,,,,,,,,,,image,/objects/MANTRAMS_TF3_Larios_RC6_DHUN-G2-006_20260125.jpg,/objects/small/mantrams_tf3_larios_rc6_dhun-g2-006_20260125_sm.jpg,/objects/thumbs/mantrams_tf3_larios_rc6_dhun-g2-006_20260125_th.jpg,,,https://doi.org/10.57754/FDAT.ghg0b-e6k30,
dhun-g2-007,dhun-g2,,Piyush Kukrety; Borayin Larios; Kanika Pruthi ,,,,,,,,,,,,,,image,/objects/MANTRAMS_TF3_Larios_RC6_DHUN-G2-007_20250808.jpg,/objects/small/mantrams_tf3_larios_rc6_dhun-g2-007_20250808_sm.jpg,/objects/thumbs/mantrams_tf3_larios_rc6_dhun-g2-007_20250808_th.jpg,,,https://doi.org/10.57754/FDAT.ghg0b-e6k30,
dhun-g2-008,dhun-g2,,Piyush Kukrety; Borayin Larios; Kanika Pruthi ,,,,,,,,,,,,,,image,/objects/MANTRAMS_TF3_Larios_RC6_DHUN-G2-008_20260508.png,/objects/small/mantrams_tf3_larios_rc6_dhun-g2-008_20260508_sm.jpg,/objects/thumbs/mantrams_tf3_larios_rc6_dhun-g2-008_20260508_th.jpg,,,https://doi.org/10.57754/FDAT.ghg0b-e6k30,
dhun-g2-009,dhun-g2,,Piyush Kukrety; Borayin Larios; Kanika Pruthi ,,,,,,,,,,,,,,image,/objects/MANTRAMS_TF3_Larios_RC6_DHUN-G2-009_20260217.jpg,/objects/small/mantrams_tf3_larios_rc6_dhun-g2-009_20260217_sm.jpg,/objects/thumbs/mantrams_tf3_larios_rc6_dhun-g2-009_20260217_th.jpg,,,https://doi.org/10.57754/FDAT.ghg0b-e6k30,
dhun-g2-010,dhun-g2,,Piyush Kukrety; Borayin Larios; Kanika Pruthi ,,,,,,,,,,,,,,image,/objects/MANTRAMS_TF3_Larios_RC6_DHUN-G2-010_20260216.jpg,/objects/small/mantrams_tf3_larios_rc6_dhun-g2-010_20260216_sm.jpg,/objects/thumbs/mantrams_tf3_larios_rc6_dhun-g2-010_20260216_th.jpg,,,https://doi.org/10.57754/FDAT.ghg0b-e6k30,
dhun-g2-011,dhun-g2,,Piyush Kukrety; Borayin Larios; Kanika Pruthi ,,,,,,,,,,,,,,image,/objects/MANTRAMS_TF3_Larios_RC6_DHUN-G2-011_20260212.jpg,/objects/small/mantrams_tf3_larios_rc6_dhun-g2-011_20260212_sm.jpg,/objects/thumbs/mantrams_tf3_larios_rc6_dhun-g2-011_20260212_th.jpg,,,https://doi.org/10.57754/FDAT.ghg0b-e6k30,
dhun-g2-012,dhun-g2,,Piyush Kukrety; Borayin Larios; Kanika Pruthi ,,,,,,,,,,,,,,image,/objects/MANTRAMS_TF3_Larios_RC6_DHUN-G2-012_20260212.jpg,/objects/small/mantrams_tf3_larios_rc6_dhun-g2-012_20260212_sm.jpg,/objects/thumbs/mantrams_tf3_larios_rc6_dhun-g2-012_20260212_th.jpg,,,https://doi.org/10.57754/FDAT.ghg0b-e6k30,
dhun-g2-013,dhun-g2,,Piyush Kukrety; Borayin Larios; Kanika Pruthi ,,,,,,,,,,,,,,image,/objects/MANTRAMS_TF3_Larios_RC6_DHUN-G2-013_20250808.jpg,/objects/small/mantrams_tf3_larios_rc6_dhun-g2-013_20250808_sm.jpg,/objects/thumbs/mantrams_tf3_larios_rc6_dhun-g2-013_20250808_th.jpg,,,https://doi.org/10.57754/FDAT.ghg0b-e6k30,
dhun-g2-014,dhun-g2,,Piyush Kukrety; Borayin Larios; Kanika Pruthi ,,,,,,,,,,,,,,image,/objects/MANTRAMS_TF3_Larios_RC6_DHUN-G2-014_20250806.jpg,/objects/small/mantrams_tf3_larios_rc6_dhun-g2-014_20250806_sm.jpg,/objects/thumbs/mantrams_tf3_larios_rc6_dhun-g2-014_20250806_th.jpg,,,https://doi.org/10.57754/FDAT.ghg0b-e6k30,
dhun-g2-015,dhun-g2,,Piyush Kukrety; Borayin Larios; Kanika Pruthi ,,,,,,,,,,,,,,image,/objects/MANTRAMS_TF3_Larios_RC6_DHUN-G2-015_20260206.jpg,/objects/small/mantrams_tf3_larios_rc6_dhun-g2-015_20260206_sm.jpg,/objects/thumbs/mantrams_tf3_larios_rc6_dhun-g2-015_20260206_th.jpg,,,https://doi.org/10.57754/FDAT.ghg0b-e6k30,
dhun-g2-016,dhun-g2,,Piyush Kukrety; Borayin Larios; Kanika Pruthi ,,,,,,,,,,,,,,image,/objects/MANTRAMS_TF3_Larios_RC6_DHUN-G2-016_20260205.jpg,/objects/small/mantrams_tf3_larios_rc6_dhun-g2-016_20260205_sm.jpg,/objects/thumbs/mantrams_tf3_larios_rc6_dhun-g2-016_20260205_th.jpg,,,https://doi.org/10.57754/FDAT.ghg0b-e6k30,
dhun-g2-017,dhun-g2,,Piyush Kukrety; Borayin Larios; Kanika Pruthi ,,,,,,,,,,,,,,image,/objects/MANTRAMS_TF3_Larios_RC6_DHUN-G2-017_20260205.jpg,/objects/small/mantrams_tf3_larios_rc6_dhun-g2-017_20260205_sm.jpg,/objects/thumbs/mantrams_tf3_larios_rc6_dhun-g2-017_20260205_th.jpg,,,https://doi.org/10.57754/FDAT.ghg0b-e6k30,
dhun-g2-018,dhun-g2,,Piyush Kukrety; Borayin Larios; Kanika Pruthi ,,,,,,,,,,,,,,image,/objects/MANTRAMS_TF3_Larios_RC6_DHUN-G2-018_20260211.jpg,/objects/small/mantrams_tf3_larios_rc6_dhun-g2-018_20260211_sm.jpg,/objects/thumbs/mantrams_tf3_larios_rc6_dhun-g2-018_20260211_th.jpg,,,https://doi.org/10.57754/FDAT.ghg0b-e6k30,
dhun-g2-019,dhun-g2,,Piyush Kukrety; Borayin Larios; Kanika Pruthi ,,,,,,,,,,,,,,image,/objects/MANTRAMS_TF3_Larios_RC6_DHUN-G2-019_20260213.jpg,/objects/small/mantrams_tf3_larios_rc6_dhun-g2-019_20260213_sm.jpg,/objects/thumbs/mantrams_tf3_larios_rc6_dhun-g2-019_20260213_th.jpg,,,https://doi.org/10.57754/FDAT.ghg0b-e6k30,
dhun-g2-020,dhun-g2,,Piyush Kukrety; Borayin Larios; Kanika Pruthi ,,,,,,,,,,,,,,image,/objects/MANTRAMS_TF3_Larios_RC6_DHUN-G2-020_20250205.jpg,/objects/small/mantrams_tf3_larios_rc6_dhun-g2-020_20250205_sm.jpg,/objects/thumbs/mantrams_tf3_larios_rc6_dhun-g2-020_20250205_th.jpg,,,https://doi.org/10.57754/FDAT.ghg0b-e6k30,
dhun-g2-021,dhun-g2,,Piyush Kukrety; Borayin Larios; Kanika Pruthi ,,,,,,,,,,,,,,image,/objects/MANTRAMS_TF3_Larios_RC6_DHUN-G2-021_20260216.jpg,/objects/small/mantrams_tf3_larios_rc6_dhun-g2-021_20260216_sm.jpg,/objects/thumbs/mantrams_tf3_larios_rc6_dhun-g2-021_20260216_th.jpg,,,https://doi.org/10.57754/FDAT.ghg0b-e6k30,
dhun-g2-022,dhun-g2,,Piyush Kukrety; Borayin Larios; Kanika Pruthi ,,,,,,,,,,,,,,image,/objects/MANTRAMS_TF3_Larios_RC6_DHUN-G2-022_20260210.jpg,/objects/small/mantrams_tf3_larios_rc6_dhun-g2-022_20260210_sm.jpg,/objects/thumbs/mantrams_tf3_larios_rc6_dhun-g2-022_20260210_th.jpg,,,https://doi.org/10.57754/FDAT.ghg0b-e6k30,
dhun-g2-023,dhun-g2,,Piyush Kukrety; Borayin Larios; Kanika Pruthi ,,,,,,,,,,,,,,image,/objects/MANTRAMS_TF3_Larios_RC6_DHUN-G2-023_20250814.jpg,/objects/small/mantrams_tf3_larios_rc6_dhun-g2-023_20250814_sm.jpg,/objects/thumbs/mantrams_tf3_larios_rc6_dhun-g2-023_20250814_th.jpg,,,https://doi.org/10.57754/FDAT.ghg0b-e6k30,
dhun-g2-024,dhun-g2,,Piyush Kukrety; Borayin Larios; Kanika Pruthi ,,,,,,,,,,,,,,image,/objects/MANTRAMS_TF3_Larios_RC6_DHUN-G2-024_20250815.jpg,/objects/small/mantrams_tf3_larios_rc6_dhun-g2-024_20250815_sm.jpg,/objects/thumbs/mantrams_tf3_larios_rc6_dhun-g2-024_20250815_th.jpg,,,https://doi.org/10.57754/FDAT.ghg0b-e6k30,
dhun-g2-025,dhun-g2,,Piyush Kukrety; Borayin Larios; Kanika Pruthi ,,,,,,,,,,,,,,image,/objects/MANTRAMS_TF3_Kukrety_RC6_DHUN-G2-025_20260206.jpg,/objects/small/mantrams_tf3_kukrety_rc6_dhun-g2-025_20260206_sm.jpg,/objects/thumbs/mantrams_tf3_kukrety_rc6_dhun-g2-025_20260206_th.jpg,,,https://doi.org/10.57754/FDAT.ghg0b-e6k30,
dhun-g2-026,dhun-g2,,Piyush Kukrety; Borayin Larios; Kanika Pruthi ,,,,,,,,,,,,,,image,/objects/MANTRAMS_TF3_Kukrety_RC6_DHUN-G2-026_20260508.JPEG,/objects/small/mantrams_tf3_kukrety_rc6_dhun-g2-026_20260508_sm.jpg,/objects/thumbs/mantrams_tf3_kukrety_rc6_dhun-g2-026_20260508_th.jpg,,,https://doi.org/10.57754/FDAT.ghg0b-e6k30,
dhun-g2-027,dhun-g2,,Piyush Kukrety; Borayin Larios; Kanika Pruthi ,,,,,,,,,,,,,,image,/objects/MANTRAMS_TF3_Kukrety_RC6_DHUN-G2-027_20250811.jpg,/objects/small/mantrams_tf3_kukrety_rc6_dhun-g2-027_20250811_sm.jpg,/objects/thumbs/mantrams_tf3_kukrety_rc6_dhun-g2-027_20250811_th.jpg,,,https://doi.org/10.57754/FDAT.ghg0b-e6k30,
dhun-g3,,Between Saguṇ and Nirguṇ (DHUN Gallery 3),Piyush Kukrety; Borayin Larios; Kanika Pruthi ,2025-2026,"The Name appears differently, shifting between the formless (Nirguṇ) and the embodied (Saguṇ). The images trace the shifting visual life of the name across devotional, political, socio-cultural and mediated spaces. In some instances, Rām appears through saguṇ forms: embodied in idols, posters, calendar art, televised mythologies, or monumental iconography that give the divine a recognizable figure and presence. In others, the name moves through nirguṇ registers, where sound, script, repetition, color, or atmosphere become more important than figuration itself. Here, the divine is carried through chant, typography, rhythm, and circulation rather than through a fixed image. Contains stickers, posters, key chain, tiles, stones, clothes, paper malas, chains, prayer chains, dieties, shrines, metall grids, walls, prayer chains, wall paintings, grids, wristband, statues, flags, billboards, electronic meter, animal representation and pictures, wooden boards, plants, flower garlands, stone chains, amulets, hands, wires, stairs, electrical circuit, stone encarving.",dhun; digital essay; sticker; poster; key chain; tiles; textile; flower garlard,"Varanasi, Uttar Pradesh, India ",25.19,82.59,,,,,,,https://creativecommons.org/licenses/by/4.0/,compound_object ,,,/objects/thumbs/mantrams_tf3_larios_rc6_dhun-g3-050_20260201_th.jpg,,"राम -नाम, जय श्री राम, श्री राम, राम, राधे-राम Rām-nām, Jay Śrī Rām, Śrī Rām, Rām, Rādhe-Rām, Raam-naam, jay shrii raam, shrii raam, raam, raadhe-raam. (Scriptures in different scripts, mainly Devanagari. Handwritten, printed fonts and  engraved. Some inscriptions are ellegible/partially visble.)",https://doi.org/10.57754/FDAT.ghg0b-e6k30,dhun
dhun-g3-001,dhun-g3,,Piyush Kukrety; Borayin Larios; Kanika Pruthi ,,,,,,,,,,,,,,image,/objects/MANTRAMS_TF3_Larios_RC6_DHUN-G3-001_20260201.jpg,/objects/small/mantrams_tf3_larios_rc6_dhun-g3-001_20260201_sm.jpg,/objects/thumbs/mantrams_tf3_larios_rc6_dhun-g3-001_20260201_th.jpg,,,https://doi.org/10.57754/FDAT.ghg0b-e6k30,
dhun-g3-002,dhun-g3,,Piyush Kukrety; Borayin Larios; Kanika Pruthi ,,,,,,,,,,,,,,image,/objects/MANTRAMS_TF3_Larios_RC6_DHUN-G3-002_20250803.jpg,/objects/small/mantrams_tf3_larios_rc6_dhun-g3-002_20250803_sm.jpg,/objects/thumbs/mantrams_tf3_larios_rc6_dhun-g3-002_20250803_th.jpg,,,https://doi.org/10.57754/FDAT.ghg0b-e6k30,
dhun-g3-003,dhun-g3,,Piyush Kukrety; Borayin Larios; Kanika Pruthi ,,,,,,,,,,,,,,image,/objects/MANTRAMS_TF3_Larios_RC6_DHUN-G3-003_20250805.jpg,/objects/small/mantrams_tf3_larios_rc6_dhun-g3-003_20250805_sm.jpg,/objects/thumbs/mantrams_tf3_larios_rc6_dhun-g3-003_20250805_th.jpg,,,https://doi.org/10.57754/FDAT.ghg0b-e6k30,
dhun-g3-004,dhun-g3,,Piyush Kukrety; Borayin Larios; Kanika Pruthi ,,,,,,,,,,,,,,image,/objects/MANTRAMS_TF3_Larios_RC6_DHUN-G3-004_20250806.jpg,/objects/small/mantrams_tf3_larios_rc6_dhun-g3-004_20250806_sm.jpg,/objects/thumbs/mantrams_tf3_larios_rc6_dhun-g3-004_20250806_th.jpg,,,https://doi.org/10.57754/FDAT.ghg0b-e6k30,
dhun-g3-005,dhun-g3,,Piyush Kukrety; Borayin Larios; Kanika Pruthi ,,,,,,,,,,,,,,image,/objects/MANTRAMS_TF3_Larios_RC6_DHUN-G3-005_20250806.jpg,/objects/small/mantrams_tf3_larios_rc6_dhun-g3-005_20250806_sm.jpg,/objects/thumbs/mantrams_tf3_larios_rc6_dhun-g3-005_20250806_th.jpg,,,https://doi.org/10.57754/FDAT.ghg0b-e6k30,
dhun-g3-006,dhun-g3,,Piyush Kukrety; Borayin Larios; Kanika Pruthi ,,,,,,,,,,,,,,image,/objects/MANTRAMS_TF3_Larios_RC6_DHUN-G3-006_20250806.jpg,/objects/small/mantrams_tf3_larios_rc6_dhun-g3-006_20250806_sm.jpg,/objects/thumbs/mantrams_tf3_larios_rc6_dhun-g3-006_20250806_th.jpg,,,https://doi.org/10.57754/FDAT.ghg0b-e6k30,
dhun-g3-007,dhun-g3,,Piyush Kukrety; Borayin Larios; Kanika Pruthi ,,,,,,,,,,,,,,image,/objects/MANTRAMS_TF3_Larios_RC6_DHUN-G3-007_20250806.jpg,/objects/small/mantrams_tf3_larios_rc6_dhun-g3-007_20250806_sm.jpg,/objects/thumbs/mantrams_tf3_larios_rc6_dhun-g3-007_20250806_th.jpg,,,https://doi.org/10.57754/FDAT.ghg0b-e6k30,
dhun-g3-008,dhun-g3,,Piyush Kukrety; Borayin Larios; Kanika Pruthi ,,,,,,,,,,,,,,image,/objects/MANTRAMS_TF3_Larios_RC6_DHUN-G3-008_20250806.jpg,/objects/small/mantrams_tf3_larios_rc6_dhun-g3-008_20250806_sm.jpg,/objects/thumbs/mantrams_tf3_larios_rc6_dhun-g3-008_20250806_th.jpg,,,https://doi.org/10.57754/FDAT.ghg0b-e6k30,
dhun-g3-009,dhun-g3,,Piyush Kukrety; Borayin Larios; Kanika Pruthi ,,,,,,,,,,,,,,image,/objects/MANTRAMS_TF3_Larios_RC6_DHUN-G3-009_20250806.jpg,/objects/small/mantrams_tf3_larios_rc6_dhun-g3-009_20250806_sm.jpg,/objects/thumbs/mantrams_tf3_larios_rc6_dhun-g3-009_20250806_th.jpg,,,https://doi.org/10.57754/FDAT.ghg0b-e6k30,
dhun-g3-010,dhun-g3,,Piyush Kukrety; Borayin Larios; Kanika Pruthi ,,,,,,,,,,,,,,image,/objects/MANTRAMS_TF3_Larios_RC6_DHUN-G3-010_20250806.jpg,/objects/small/mantrams_tf3_larios_rc6_dhun-g3-010_20250806_sm.jpg,/objects/thumbs/mantrams_tf3_larios_rc6_dhun-g3-010_20250806_th.jpg,,,https://doi.org/10.57754/FDAT.ghg0b-e6k30,
dhun-g3-011,dhun-g3,,Piyush Kukrety; Borayin Larios; Kanika Pruthi ,,,,,,,,,,,,,,image,/objects/MANTRAMS_TF3_Larios_RC6_DHUN-G3-011_20250808.jpg,/objects/small/mantrams_tf3_larios_rc6_dhun-g3-011_20250808_sm.jpg,/objects/thumbs/mantrams_tf3_larios_rc6_dhun-g3-011_20250808_th.jpg,,,https://doi.org/10.57754/FDAT.ghg0b-e6k30,
dhun-g3-012,dhun-g3,,Piyush Kukrety; Borayin Larios; Kanika Pruthi ,,,,,,,,,,,,,,image,/objects/MANTRAMS_TF3_Larios_RC6_DHUN-G3-012_20250808.jpg,/objects/small/mantrams_tf3_larios_rc6_dhun-g3-012_20250808_sm.jpg,/objects/thumbs/mantrams_tf3_larios_rc6_dhun-g3-012_20250808_th.jpg,,,https://doi.org/10.57754/FDAT.ghg0b-e6k30,
dhun-g3-013,dhun-g3,,Piyush Kukrety; Borayin Larios; Kanika Pruthi ,,,,,,,,,,,,,,image,/objects/MANTRAMS_TF3_Larios_RC6_DHUN-G3-013_20250808.jpg,/objects/small/mantrams_tf3_larios_rc6_dhun-g3-013_20250808_sm.jpg,/objects/thumbs/mantrams_tf3_larios_rc6_dhun-g3-013_20250808_th.jpg,,,https://doi.org/10.57754/FDAT.ghg0b-e6k30,
dhun-g3-014,dhun-g3,,Piyush Kukrety; Borayin Larios; Kanika Pruthi ,,,,,,,,,,,,,,image,/objects/MANTRAMS_TF3_Larios_RC6_DHUN-G3-014_20250808.jpg,/objects/small/mantrams_tf3_larios_rc6_dhun-g3-014_20250808_sm.jpg,/objects/thumbs/mantrams_tf3_larios_rc6_dhun-g3-014_20250808_th.jpg,,,https://doi.org/10.57754/FDAT.ghg0b-e6k30,
dhun-g3-015,dhun-g3,,Piyush Kukrety; Borayin Larios; Kanika Pruthi ,,,,,,,,,,,,,,image,/objects/MANTRAMS_TF3_Larios_RC6_DHUN-G3-015_20250809.jpg,/objects/small/mantrams_tf3_larios_rc6_dhun-g3-015_20250809_sm.jpg,/objects/thumbs/mantrams_tf3_larios_rc6_dhun-g3-015_20250809_th.jpg,,,https://doi.org/10.57754/FDAT.ghg0b-e6k30,
dhun-g3-016,dhun-g3,,Piyush Kukrety; Borayin Larios; Kanika Pruthi ,,,,,,,,,,,,,,image,/objects/MANTRAMS_TF3_Larios_RC6_DHUN-G3-016_20250810.jpg,/objects/small/mantrams_tf3_larios_rc6_dhun-g3-016_20250810_sm.jpg,/objects/thumbs/mantrams_tf3_larios_rc6_dhun-g3-016_20250810_th.jpg,,,https://doi.org/10.57754/FDAT.ghg0b-e6k30,
dhun-g3-017,dhun-g3,,Piyush Kukrety; Borayin Larios; Kanika Pruthi ,,,,,,,,,,,,,,image,/objects/MANTRAMS_TF3_Larios_RC6_DHUN-G3-017_20250810.jpg,/objects/small/mantrams_tf3_larios_rc6_dhun-g3-017_20250810_sm.jpg,/objects/thumbs/mantrams_tf3_larios_rc6_dhun-g3-017_20250810_th.jpg,,,https://doi.org/10.57754/FDAT.ghg0b-e6k30,
dhun-g3-018,dhun-g3,,Piyush Kukrety; Borayin Larios; Kanika Pruthi ,,,,,,,,,,,,,,image,/objects/MANTRAMS_TF3_Larios_RC6_DHUN-G3-018_20250810.jpg,/objects/small/mantrams_tf3_larios_rc6_dhun-g3-018_20250810_sm.jpg,/objects/thumbs/mantrams_tf3_larios_rc6_dhun-g3-018_20250810_th.jpg,,,https://doi.org/10.57754/FDAT.ghg0b-e6k30,
dhun-g3-019,dhun-g3,,Piyush Kukrety; Borayin Larios; Kanika Pruthi ,,,,,,,,,,,,,,image,/objects/MANTRAMS_TF3_Larios_RC6_DHUN-G3-019_20250810.jpg,/objects/small/mantrams_tf3_larios_rc6_dhun-g3-019_20250810_sm.jpg,/objects/thumbs/mantrams_tf3_larios_rc6_dhun-g3-019_20250810_th.jpg,,,https://doi.org/10.57754/FDAT.ghg0b-e6k30,
dhun-g3-020,dhun-g3,,Piyush Kukrety; Borayin Larios; Kanika Pruthi ,,,,,,,,,,,,,,image,/objects/MANTRAMS_TF3_Larios_RC6_DHUN-G3-020_20250810.jpg,/objects/small/mantrams_tf3_larios_rc6_dhun-g3-020_20250810_sm.jpg,/objects/thumbs/mantrams_tf3_larios_rc6_dhun-g3-020_20250810_th.jpg,,,https://doi.org/10.57754/FDAT.ghg0b-e6k30,
dhun-g3-021,dhun-g3,,Piyush Kukrety; Borayin Larios; Kanika Pruthi ,,,,,,,,,,,,,,image,/objects/MANTRAMS_TF3_Larios_RC6_DHUN-G3-021_20250810.jpg,/objects/small/mantrams_tf3_larios_rc6_dhun-g3-021_20250810_sm.jpg,/objects/thumbs/mantrams_tf3_larios_rc6_dhun-g3-021_20250810_th.jpg,,,https://doi.org/10.57754/FDAT.ghg0b-e6k30,
dhun-g3-022,dhun-g3,,Piyush Kukrety; Borayin Larios; Kanika Pruthi ,,,,,,,,,,,,,,image,/objects/MANTRAMS_TF3_Larios_RC6_DHUN-G3-022_20250810.jpg,/objects/small/mantrams_tf3_larios_rc6_dhun-g3-022_20250810_sm.jpg,/objects/thumbs/mantrams_tf3_larios_rc6_dhun-g3-022_20250810_th.jpg,,,https://doi.org/10.57754/FDAT.ghg0b-e6k30,
dhun-g3-023,dhun-g3,,Piyush Kukrety; Borayin Larios; Kanika Pruthi ,,,,,,,,,,,,,,image,/objects/MANTRAMS_TF3_Larios_RC6_DHUN-G3-023_20250810.jpg,/objects/small/mantrams_tf3_larios_rc6_dhun-g3-023_20250810_sm.jpg,/objects/thumbs/mantrams_tf3_larios_rc6_dhun-g3-023_20250810_th.jpg,,,https://doi.org/10.57754/FDAT.ghg0b-e6k30,
dhun-g3-024,dhun-g3,,Piyush Kukrety; Borayin Larios; Kanika Pruthi ,,,,,,,,,,,,,,image,/objects/MANTRAMS_TF3_Larios_RC6_DHUN-G3-024_20250810.jpg,/objects/small/mantrams_tf3_larios_rc6_dhun-g3-024_20250810_sm.jpg,/objects/thumbs/mantrams_tf3_larios_rc6_dhun-g3-024_20250810_th.jpg,,,https://doi.org/10.57754/FDAT.ghg0b-e6k30,
dhun-g3-025,dhun-g3,,Piyush Kukrety; Borayin Larios; Kanika Pruthi ,,,,,,,,,,,,,,image,/objects/MANTRAMS_TF3_Larios_RC6_DHUN-G3-025_20250810.jpg,/objects/small/mantrams_tf3_larios_rc6_dhun-g3-025_20250810_sm.jpg,/objects/thumbs/mantrams_tf3_larios_rc6_dhun-g3-025_20250810_th.jpg,,,https://doi.org/10.57754/FDAT.ghg0b-e6k30,
dhun-g3-026,dhun-g3,,Piyush Kukrety; Borayin Larios; Kanika Pruthi ,,,,,,,,,,,,,,image,/objects/MANTRAMS_TF3_Larios_RC6_DHUN-G3-026_20250810.jpg,/objects/small/mantrams_tf3_larios_rc6_dhun-g3-026_20250810_sm.jpg,/objects/thumbs/mantrams_tf3_larios_rc6_dhun-g3-026_20250810_th.jpg,,,https://doi.org/10.57754/FDAT.ghg0b-e6k30,
dhun-g3-027,dhun-g3,,Piyush Kukrety; Borayin Larios; Kanika Pruthi ,,,,,,,,,,,,,,image,/objects/MANTRAMS_TF3_Larios_RC6_DHUN-G3-027_20250811.jpg,/objects/small/mantrams_tf3_larios_rc6_dhun-g3-027_20250811_sm.jpg,/objects/thumbs/mantrams_tf3_larios_rc6_dhun-g3-027_20250811_th.jpg,,,https://doi.org/10.57754/FDAT.ghg0b-e6k30,
dhun-g3-028,dhun-g3,,Piyush Kukrety; Borayin Larios; Kanika Pruthi ,,,,,,,,,,,,,,image,/objects/MANTRAMS_TF3_Larios_RC6_DHUN-G3-028_20250811.jpg,/objects/small/mantrams_tf3_larios_rc6_dhun-g3-028_20250811_sm.jpg,/objects/thumbs/mantrams_tf3_larios_rc6_dhun-g3-028_20250811_th.jpg,,,https://doi.org/10.57754/FDAT.ghg0b-e6k30,
dhun-g3-029,dhun-g3,,Piyush Kukrety; Borayin Larios; Kanika Pruthi ,,,,,,,,,,,,,,image,/objects/MANTRAMS_TF3_Larios_RC6_DHUN-G3-029_20250811.jpg,/objects/small/mantrams_tf3_larios_rc6_dhun-g3-029_20250811_sm.jpg,/objects/thumbs/mantrams_tf3_larios_rc6_dhun-g3-029_20250811_th.jpg,,,https://doi.org/10.57754/FDAT.ghg0b-e6k30,
dhun-g3-030,dhun-g3,,Piyush Kukrety; Borayin Larios; Kanika Pruthi ,,,,,,,,,,,,,,image,/objects/MANTRAMS_TF3_Larios_RC6_DHUN-G3-030_20250811.jpg,/objects/small/mantrams_tf3_larios_rc6_dhun-g3-030_20250811_sm.jpg,/objects/thumbs/mantrams_tf3_larios_rc6_dhun-g3-030_20250811_th.jpg,,,https://doi.org/10.57754/FDAT.ghg0b-e6k30,
dhun-g3-031,dhun-g3,,Piyush Kukrety; Borayin Larios; Kanika Pruthi ,,,,,,,,,,,,,,image,/objects/MANTRAMS_TF3_Larios_RC6_DHUN-G3-031_20250811.jpg,/objects/small/mantrams_tf3_larios_rc6_dhun-g3-031_20250811_sm.jpg,/objects/thumbs/mantrams_tf3_larios_rc6_dhun-g3-031_20250811_th.jpg,,,https://doi.org/10.57754/FDAT.ghg0b-e6k30,
dhun-g3-032,dhun-g3,,Piyush Kukrety; Borayin Larios; Kanika Pruthi ,,,,,,,,,,,,,,image,/objects/MANTRAMS_TF3_Larios_RC6_DHUN-G3-032_20250811.jpg,/objects/small/mantrams_tf3_larios_rc6_dhun-g3-032_20250811_sm.jpg,/objects/thumbs/mantrams_tf3_larios_rc6_dhun-g3-032_20250811_th.jpg,,,https://doi.org/10.57754/FDAT.ghg0b-e6k30,
dhun-g3-033,dhun-g3,,Piyush Kukrety; Borayin Larios; Kanika Pruthi ,,,,,,,,,,,,,,image,/objects/MANTRAMS_TF3_Larios_RC6_DHUN-G3-033_20250811.jpg,/objects/small/mantrams_tf3_larios_rc6_dhun-g3-033_20250811_sm.jpg,/objects/thumbs/mantrams_tf3_larios_rc6_dhun-g3-033_20250811_th.jpg,,,https://doi.org/10.57754/FDAT.ghg0b-e6k30,
dhun-g3-034,dhun-g3,,Piyush Kukrety; Borayin Larios; Kanika Pruthi ,,,,,,,,,,,,,,image,/objects/MANTRAMS_TF3_Larios_RC6_DHUN-G3-034_20250812.jpg,/objects/small/mantrams_tf3_larios_rc6_dhun-g3-034_20250812_sm.jpg,/objects/thumbs/mantrams_tf3_larios_rc6_dhun-g3-034_20250812_th.jpg,,,https://doi.org/10.57754/FDAT.ghg0b-e6k30,
dhun-g3-035,dhun-g3,,Piyush Kukrety; Borayin Larios; Kanika Pruthi ,,,,,,,,,,,,,,image,/objects/MANTRAMS_TF3_Larios_RC6_DHUN-G3-035_20250812.jpg,/objects/small/mantrams_tf3_larios_rc6_dhun-g3-035_20250812_sm.jpg,/objects/thumbs/mantrams_tf3_larios_rc6_dhun-g3-035_20250812_th.jpg,,,https://doi.org/10.57754/FDAT.ghg0b-e6k30,
dhun-g3-036,dhun-g3,,Piyush Kukrety; Borayin Larios; Kanika Pruthi ,,,,,,,,,,,,,,image,/objects/MANTRAMS_TF3_Larios_RC6_DHUN-G3-036_20250813.jpg,/objects/small/mantrams_tf3_larios_rc6_dhun-g3-036_20250813_sm.jpg,/objects/thumbs/mantrams_tf3_larios_rc6_dhun-g3-036_20250813_th.jpg,,,https://doi.org/10.57754/FDAT.ghg0b-e6k30,
dhun-g3-037,dhun-g3,,Piyush Kukrety; Borayin Larios; Kanika Pruthi ,,,,,,,,,,,,,,image,/objects/MANTRAMS_TF3_Larios_RC6_DHUN-G3-037_20250813.jpg,/objects/small/mantrams_tf3_larios_rc6_dhun-g3-037_20250813_sm.jpg,/objects/thumbs/mantrams_tf3_larios_rc6_dhun-g3-037_20250813_th.jpg,,,https://doi.org/10.57754/FDAT.ghg0b-e6k30,
dhun-g3-038,dhun-g3,,Piyush Kukrety; Borayin Larios; Kanika Pruthi ,,,,,,,,,,,,,,image,/objects/MANTRAMS_TF3_Larios_RC6_DHUN-G3-038_20250814.jpg,/objects/small/mantrams_tf3_larios_rc6_dhun-g3-038_20250814_sm.jpg,/objects/thumbs/mantrams_tf3_larios_rc6_dhun-g3-038_20250814_th.jpg,,,https://doi.org/10.57754/FDAT.ghg0b-e6k30,
dhun-g3-039,dhun-g3,,Piyush Kukrety; Borayin Larios; Kanika Pruthi ,,,,,,,,,,,,,,image,/objects/MANTRAMS_TF3_Larios_RC6_DHUN-G3-039_20250814.jpg,/objects/small/mantrams_tf3_larios_rc6_dhun-g3-039_20250814_sm.jpg,/objects/thumbs/mantrams_tf3_larios_rc6_dhun-g3-039_20250814_th.jpg,,,https://doi.org/10.57754/FDAT.ghg0b-e6k30,
dhun-g3-040,dhun-g3,,Piyush Kukrety; Borayin Larios; Kanika Pruthi ,,,,,,,,,,,,,,image,/objects/MANTRAMS_TF3_Larios_RC6_DHUN-G3-040_20250814.jpg,/objects/small/mantrams_tf3_larios_rc6_dhun-g3-040_20250814_sm.jpg,/objects/thumbs/mantrams_tf3_larios_rc6_dhun-g3-040_20250814_th.jpg,,,https://doi.org/10.57754/FDAT.ghg0b-e6k30,
dhun-g3-041,dhun-g3,,Piyush Kukrety; Borayin Larios; Kanika Pruthi ,,,,,,,,,,,,,,image,/objects/MANTRAMS_TF3_Larios_RC6_DHUN-G3-041_20260213.jpg,/objects/small/mantrams_tf3_larios_rc6_dhun-g3-041_20260213_sm.jpg,/objects/thumbs/mantrams_tf3_larios_rc6_dhun-g3-041_20260213_th.jpg,,,https://doi.org/10.57754/FDAT.ghg0b-e6k30,
dhun-g3-042,dhun-g3,,Piyush Kukrety; Borayin Larios; Kanika Pruthi ,,,,,,,,,,,,,,image,/objects/MANTRAMS_TF3_Larios_RC6_DHUN-G3-042_20250814.jpg,/objects/small/mantrams_tf3_larios_rc6_dhun-g3-042_20250814_sm.jpg,/objects/thumbs/mantrams_tf3_larios_rc6_dhun-g3-042_20250814_th.jpg,,,https://doi.org/10.57754/FDAT.ghg0b-e6k30,
dhun-g3-043,dhun-g3,,Piyush Kukrety; Borayin Larios; Kanika Pruthi ,,,,,,,,,,,,,,image,/objects/MANTRAMS_TF3_Larios_RC6_DHUN-G3-043_20260213.jpg,/objects/small/mantrams_tf3_larios_rc6_dhun-g3-043_20260213_sm.jpg,/objects/thumbs/mantrams_tf3_larios_rc6_dhun-g3-043_20260213_th.jpg,,,https://doi.org/10.57754/FDAT.ghg0b-e6k30,
dhun-g3-044,dhun-g3,,Piyush Kukrety; Borayin Larios; Kanika Pruthi ,,,,,,,,,,,,,,image,/objects/MANTRAMS_TF3_Larios_RC6_DHUN-G3-044_20250815.jpg,/objects/small/mantrams_tf3_larios_rc6_dhun-g3-044_20250815_sm.jpg,/objects/thumbs/mantrams_tf3_larios_rc6_dhun-g3-044_20250815_th.jpg,,,https://doi.org/10.57754/FDAT.ghg0b-e6k30,
dhun-g3-045,dhun-g3,,Piyush Kukrety; Borayin Larios; Kanika Pruthi ,,,,,,,,,,,,,,image,/objects/MANTRAMS_TF3_Larios_RC6_DHUN-G3-045_20250815.jpg,/objects/small/mantrams_tf3_larios_rc6_dhun-g3-045_20250815_sm.jpg,/objects/thumbs/mantrams_tf3_larios_rc6_dhun-g3-045_20250815_th.jpg,,,https://doi.org/10.57754/FDAT.ghg0b-e6k30,
dhun-g3-046,dhun-g3,,Piyush Kukrety; Borayin Larios; Kanika Pruthi ,,,,,,,,,,,,,,image,/objects/MANTRAMS_TF3_Larios_RC6_DHUN-G3-046_20260128.jpg,/objects/small/mantrams_tf3_larios_rc6_dhun-g3-046_20260128_sm.jpg,/objects/thumbs/mantrams_tf3_larios_rc6_dhun-g3-046_20260128_th.jpg,,,https://doi.org/10.57754/FDAT.ghg0b-e6k30,
dhun-g3-047,dhun-g3,,Piyush Kukrety; Borayin Larios; Kanika Pruthi ,,,,,,,,,,,,,,image,/objects/MANTRAMS_TF3_Larios_RC6_DHUN-G3-047_20260129.jpg,/objects/small/mantrams_tf3_larios_rc6_dhun-g3-047_20260129_sm.jpg,/objects/thumbs/mantrams_tf3_larios_rc6_dhun-g3-047_20260129_th.jpg,,,https://doi.org/10.57754/FDAT.ghg0b-e6k30,
dhun-g3-048,dhun-g3,,Piyush Kukrety; Borayin Larios; Kanika Pruthi ,,,,,,,,,,,,,,image,/objects/MANTRAMS_TF3_Larios_RC6_DHUN-G3-048_20260201.jpg,/objects/small/mantrams_tf3_larios_rc6_dhun-g3-048_20260201_sm.jpg,/objects/thumbs/mantrams_tf3_larios_rc6_dhun-g3-048_20260201_th.jpg,,,https://doi.org/10.57754/FDAT.ghg0b-e6k30,
dhun-g3-049,dhun-g3,,Piyush Kukrety; Borayin Larios; Kanika Pruthi ,,,,,,,,,,,,,,image,/objects/MANTRAMS_TF3_Larios_RC6_DHUN-G3-049_20260201.jpg,/objects/small/mantrams_tf3_larios_rc6_dhun-g3-049_20260201_sm.jpg,/objects/thumbs/mantrams_tf3_larios_rc6_dhun-g3-049_20260201_th.jpg,,,https://doi.org/10.57754/FDAT.ghg0b-e6k30,
dhun-g3-050,dhun-g3,,Piyush Kukrety; Borayin Larios; Kanika Pruthi ,,,,,,,,,,,,,,image,/objects/MANTRAMS_TF3_Larios_RC6_DHUN-G3-050_20260201.jpg,/objects/small/mantrams_tf3_larios_rc6_dhun-g3-050_20260201_sm.jpg,/objects/thumbs/mantrams_tf3_larios_rc6_dhun-g3-050_20260201_th.jpg,,,https://doi.org/10.57754/FDAT.ghg0b-e6k30,
dhun-g3-051,dhun-g3,,Piyush Kukrety; Borayin Larios; Kanika Pruthi ,,,,,,,,,,,,,,image,/objects/MANTRAMS_TF3_Larios_RC6_DHUN-G3-051_20260201.jpg,/objects/small/mantrams_tf3_larios_rc6_dhun-g3-051_20260201_sm.jpg,/objects/thumbs/mantrams_tf3_larios_rc6_dhun-g3-051_20260201_th.jpg,,,https://doi.org/10.57754/FDAT.ghg0b-e6k30,
dhun-g3-052,dhun-g3,,Piyush Kukrety; Borayin Larios; Kanika Pruthi ,,,,,,,,,,,,,,image,/objects/MANTRAMS_TF3_Larios_RC6_DHUN-G3-052_20260201.jpg,/objects/small/mantrams_tf3_larios_rc6_dhun-g3-052_20260201_sm.jpg,/objects/thumbs/mantrams_tf3_larios_rc6_dhun-g3-052_20260201_th.jpg,,,https://doi.org/10.57754/FDAT.ghg0b-e6k30,
dhun-g3-053,dhun-g3,,Piyush Kukrety; Borayin Larios; Kanika Pruthi ,,,,,,,,,,,,,,image,/objects/MANTRAMS_TF3_Larios_RC6_DHUN-G3-053_20260201.jpg,/objects/small/mantrams_tf3_larios_rc6_dhun-g3-053_20260201_sm.jpg,/objects/thumbs/mantrams_tf3_larios_rc6_dhun-g3-053_20260201_th.jpg,,,https://doi.org/10.57754/FDAT.ghg0b-e6k30,
dhun-g3-054,dhun-g3,,Piyush Kukrety; Borayin Larios; Kanika Pruthi ,,,,,,,,,,,,,,image,/objects/MANTRAMS_TF3_Larios_RC6_DHUN-G3-054_20260201.jpg,/objects/small/mantrams_tf3_larios_rc6_dhun-g3-054_20260201_sm.jpg,/objects/thumbs/mantrams_tf3_larios_rc6_dhun-g3-054_20260201_th.jpg,,,https://doi.org/10.57754/FDAT.ghg0b-e6k30,
dhun-g3-055,dhun-g3,,Piyush Kukrety; Borayin Larios; Kanika Pruthi ,,,,,,,,,,,,,,image,/objects/MANTRAMS_TF3_Larios_RC6_DHUN-G3-055_20260202.jpg,/objects/small/mantrams_tf3_larios_rc6_dhun-g3-055_20260202_sm.jpg,/objects/thumbs/mantrams_tf3_larios_rc6_dhun-g3-055_20260202_th.jpg,,,https://doi.org/10.57754/FDAT.ghg0b-e6k30,
dhun-g3-056,dhun-g3,,Piyush Kukrety; Borayin Larios; Kanika Pruthi ,,,,,,,,,,,,,,image,/objects/MANTRAMS_TF3_Larios_RC6_DHUN-G3-056_20260202.jpg,/objects/small/mantrams_tf3_larios_rc6_dhun-g3-056_20260202_sm.jpg,/objects/thumbs/mantrams_tf3_larios_rc6_dhun-g3-056_20260202_th.jpg,,,https://doi.org/10.57754/FDAT.ghg0b-e6k30,
dhun-g3-057,dhun-g3,,Piyush Kukrety; Borayin Larios; Kanika Pruthi ,,,,,,,,,,,,,,image,/objects/MANTRAMS_TF3_Larios_RC6_DHUN-G3-057_20260202.jpg,/objects/small/mantrams_tf3_larios_rc6_dhun-g3-057_20260202_sm.jpg,/objects/thumbs/mantrams_tf3_larios_rc6_dhun-g3-057_20260202_th.jpg,,,https://doi.org/10.57754/FDAT.ghg0b-e6k30,
dhun-g3-058,dhun-g3,,Piyush Kukrety; Borayin Larios; Kanika Pruthi ,,,,,,,,,,,,,,image,/objects/MANTRAMS_TF3_Larios_RC6_DHUN-G3-058_20260202.jpg,/objects/small/mantrams_tf3_larios_rc6_dhun-g3-058_20260202_sm.jpg,/objects/thumbs/mantrams_tf3_larios_rc6_dhun-g3-058_20260202_th.jpg,,,https://doi.org/10.57754/FDAT.ghg0b-e6k30,
dhun-g3-059,dhun-g3,,Piyush Kukrety; Borayin Larios; Kanika Pruthi ,,,,,,,,,,,,,,image,/objects/MANTRAMS_TF3_Larios_RC6_DHUN-G3-059_20260202.jpg,/objects/small/mantrams_tf3_larios_rc6_dhun-g3-059_20260202_sm.jpg,/objects/thumbs/mantrams_tf3_larios_rc6_dhun-g3-059_20260202_th.jpg,,,https://doi.org/10.57754/FDAT.ghg0b-e6k30,
dhun-g3-060,dhun-g3,,Piyush Kukrety; Borayin Larios; Kanika Pruthi ,,,,,,,,,,,,,,image,/objects/MANTRAMS_TF3_Larios_RC6_DHUN-G3-060_20260203.jpg,/objects/small/mantrams_tf3_larios_rc6_dhun-g3-060_20260203_sm.jpg,/objects/thumbs/mantrams_tf3_larios_rc6_dhun-g3-060_20260203_th.jpg,,,https://doi.org/10.57754/FDAT.ghg0b-e6k30,
dhun-g3-061,dhun-g3,,Piyush Kukrety; Borayin Larios; Kanika Pruthi ,,,,,,,,,,,,,,image,/objects/MANTRAMS_TF3_Larios_RC6_DHUN-G3-061_20260204.jpg,/objects/small/mantrams_tf3_larios_rc6_dhun-g3-061_20260204_sm.jpg,/objects/thumbs/mantrams_tf3_larios_rc6_dhun-g3-061_20260204_th.jpg,,,https://doi.org/10.57754/FDAT.ghg0b-e6k30,
dhun-g3-062,dhun-g3,,Piyush Kukrety; Borayin Larios; Kanika Pruthi ,,,,,,,,,,,,,,image,/objects/MANTRAMS_TF3_Larios_RC6_DHUN-G3-062_20260428.jpg,/objects/small/mantrams_tf3_larios_rc6_dhun-g3-062_20260428_sm.jpg,/objects/thumbs/mantrams_tf3_larios_rc6_dhun-g3-062_20260428_th.jpg,,,https://doi.org/10.57754/FDAT.ghg0b-e6k30,
dhun-g3-063,dhun-g3,,Piyush Kukrety; Borayin Larios; Kanika Pruthi ,,,,,,,,,,,,,,image,/objects/MANTRAMS_TF3_Larios_RC6_DHUN-G3-063_20260204.jpg,/objects/small/mantrams_tf3_larios_rc6_dhun-g3-063_20260204_sm.jpg,/objects/thumbs/mantrams_tf3_larios_rc6_dhun-g3-063_20260204_th.jpg,,,https://doi.org/10.57754/FDAT.ghg0b-e6k30,
dhun-g3-064,dhun-g3,,Piyush Kukrety; Borayin Larios; Kanika Pruthi ,,,,,,,,,,,,,,image,/objects/MANTRAMS_TF3_Larios_RC6_DHUN-G3-064_20260428.jpg,/objects/small/mantrams_tf3_larios_rc6_dhun-g3-064_20260428_sm.jpg,/objects/thumbs/mantrams_tf3_larios_rc6_dhun-g3-064_20260428_th.jpg,,,https://doi.org/10.57754/FDAT.ghg0b-e6k30,
dhun-g3-065,dhun-g3,,Piyush Kukrety; Borayin Larios; Kanika Pruthi ,,,,,,,,,,,,,,image,/objects/MANTRAMS_TF3_Larios_RC6_DHUN-G3-065_20260205.jpg,/objects/small/mantrams_tf3_larios_rc6_dhun-g3-065_20260205_sm.jpg,/objects/thumbs/mantrams_tf3_larios_rc6_dhun-g3-065_20260205_th.jpg,,,https://doi.org/10.57754/FDAT.ghg0b-e6k30,
dhun-g3-066,dhun-g3,,Piyush Kukrety; Borayin Larios; Kanika Pruthi ,,,,,,,,,,,,,,image,/objects/MANTRAMS_TF3_Larios_RC6_DHUN-G3-066_20260205.jpg,/objects/small/mantrams_tf3_larios_rc6_dhun-g3-066_20260205_sm.jpg,/objects/thumbs/mantrams_tf3_larios_rc6_dhun-g3-066_20260205_th.jpg,,,https://doi.org/10.57754/FDAT.ghg0b-e6k30,
dhun-g3-067,dhun-g3,,Piyush Kukrety; Borayin Larios; Kanika Pruthi ,,,,,,,,,,,,,,image,/objects/MANTRAMS_TF3_Larios_RC6_DHUN-G3-067_20260205.jpg,/objects/small/mantrams_tf3_larios_rc6_dhun-g3-067_20260205_sm.jpg,/objects/thumbs/mantrams_tf3_larios_rc6_dhun-g3-067_20260205_th.jpg,,,https://doi.org/10.57754/FDAT.ghg0b-e6k30,
dhun-g3-068,dhun-g3,,Piyush Kukrety; Borayin Larios; Kanika Pruthi ,,,,,,,,,,,,,,image,/objects/MANTRAMS_TF3_Larios_RC6_DHUN-G3-068_20260205.jpg,/objects/small/mantrams_tf3_larios_rc6_dhun-g3-068_20260205_sm.jpg,/objects/thumbs/mantrams_tf3_larios_rc6_dhun-g3-068_20260205_th.jpg,,,https://doi.org/10.57754/FDAT.ghg0b-e6k30,
dhun-g3-069,dhun-g3,,Piyush Kukrety; Borayin Larios; Kanika Pruthi ,,,,,,,,,,,,,,image,/objects/MANTRAMS_TF3_Larios_RC6_DHUN-G3-069_20260205.jpg,/objects/small/mantrams_tf3_larios_rc6_dhun-g3-069_20260205_sm.jpg,/objects/thumbs/mantrams_tf3_larios_rc6_dhun-g3-069_20260205_th.jpg,,,https://doi.org/10.57754/FDAT.ghg0b-e6k30,
dhun-g3-070,dhun-g3,,Piyush Kukrety; Borayin Larios; Kanika Pruthi ,,,,,,,,,,,,,,image,/objects/MANTRAMS_TF3_Larios_RC6_DHUN-G3-070_20260205.jpg,/objects/small/mantrams_tf3_larios_rc6_dhun-g3-070_20260205_sm.jpg,/objects/thumbs/mantrams_tf3_larios_rc6_dhun-g3-070_20260205_th.jpg,,,https://doi.org/10.57754/FDAT.ghg0b-e6k30,
dhun-g3-071,dhun-g3,,Piyush Kukrety; Borayin Larios; Kanika Pruthi ,,,,,,,,,,,,,,image,/objects/MANTRAMS_TF3_Larios_RC6_DHUN-G3-071_20260205.jpg,/objects/small/mantrams_tf3_larios_rc6_dhun-g3-071_20260205_sm.jpg,/objects/thumbs/mantrams_tf3_larios_rc6_dhun-g3-071_20260205_th.jpg,,,https://doi.org/10.57754/FDAT.ghg0b-e6k30,
dhun-g3-072,dhun-g3,,Piyush Kukrety; Borayin Larios; Kanika Pruthi ,,,,,,,,,,,,,,image,/objects/MANTRAMS_TF3_Larios_RC6_DHUN-G3-072_20260206.jpg,/objects/small/mantrams_tf3_larios_rc6_dhun-g3-072_20260206_sm.jpg,/objects/thumbs/mantrams_tf3_larios_rc6_dhun-g3-072_20260206_th.jpg,,,https://doi.org/10.57754/FDAT.ghg0b-e6k30,
dhun-g3-073,dhun-g3,,Piyush Kukrety; Borayin Larios; Kanika Pruthi ,,,,,,,,,,,,,,image,/objects/MANTRAMS_TF3_Larios_RC6_DHUN-G3-073_20260206.jpg,/objects/small/mantrams_tf3_larios_rc6_dhun-g3-073_20260206_sm.jpg,/objects/thumbs/mantrams_tf3_larios_rc6_dhun-g3-073_20260206_th.jpg,,,https://doi.org/10.57754/FDAT.ghg0b-e6k30,
dhun-g3-074,dhun-g3,,Piyush Kukrety; Borayin Larios; Kanika Pruthi ,,,,,,,,,,,,,,image,/objects/MANTRAMS_TF3_Larios_RC6_DHUN-G3-074_20260206.jpg,/objects/small/mantrams_tf3_larios_rc6_dhun-g3-074_20260206_sm.jpg,/objects/thumbs/mantrams_tf3_larios_rc6_dhun-g3-074_20260206_th.jpg,,,https://doi.org/10.57754/FDAT.ghg0b-e6k30,
dhun-g3-075,dhun-g3,,Piyush Kukrety; Borayin Larios; Kanika Pruthi ,,,,,,,,,,,,,,image,/objects/MANTRAMS_TF3_Larios_RC6_DHUN-G3-075_20260206.jpg,/objects/small/mantrams_tf3_larios_rc6_dhun-g3-075_20260206_sm.jpg,/objects/thumbs/mantrams_tf3_larios_rc6_dhun-g3-075_20260206_th.jpg,,,https://doi.org/10.57754/FDAT.ghg0b-e6k30,
dhun-g3-076,dhun-g3,,Piyush Kukrety; Borayin Larios; Kanika Pruthi ,,,,,,,,,,,,,,image,/objects/MANTRAMS_TF3_Larios_RC6_DHUN-G3-076_20260206.jpg,/objects/small/mantrams_tf3_larios_rc6_dhun-g3-076_20260206_sm.jpg,/objects/thumbs/mantrams_tf3_larios_rc6_dhun-g3-076_20260206_th.jpg,,,https://doi.org/10.57754/FDAT.ghg0b-e6k30,
dhun-g3-077,dhun-g3,,Piyush Kukrety; Borayin Larios; Kanika Pruthi ,,,,,,,,,,,,,,image,/objects/MANTRAMS_TF3_Larios_RC6_DHUN-G3-077_20260206.jpg,/objects/small/mantrams_tf3_larios_rc6_dhun-g3-077_20260206_sm.jpg,/objects/thumbs/mantrams_tf3_larios_rc6_dhun-g3-077_20260206_th.jpg,,,https://doi.org/10.57754/FDAT.ghg0b-e6k30,
dhun-g3-078,dhun-g3,,Piyush Kukrety; Borayin Larios; Kanika Pruthi ,,,,,,,,,,,,,,image,/objects/MANTRAMS_TF3_Larios_RC6_DHUN-G3-078_20260206.jpg,/objects/small/mantrams_tf3_larios_rc6_dhun-g3-078_20260206_sm.jpg,/objects/thumbs/mantrams_tf3_larios_rc6_dhun-g3-078_20260206_th.jpg,,,https://doi.org/10.57754/FDAT.ghg0b-e6k30,
dhun-g3-079,dhun-g3,,Piyush Kukrety; Borayin Larios; Kanika Pruthi ,,,,,,,,,,,,,,image,/objects/MANTRAMS_TF3_Larios_RC6_DHUN-G3-079_20260207.jpg,/objects/small/mantrams_tf3_larios_rc6_dhun-g3-079_20260207_sm.jpg,/objects/thumbs/mantrams_tf3_larios_rc6_dhun-g3-079_20260207_th.jpg,,,https://doi.org/10.57754/FDAT.ghg0b-e6k30,
dhun-g3-080,dhun-g3,,Piyush Kukrety; Borayin Larios; Kanika Pruthi ,,,,,,,,,,,,,,image,/objects/MANTRAMS_TF3_Larios_RC6_DHUN-G3-080_20260207.jpg,/objects/small/mantrams_tf3_larios_rc6_dhun-g3-080_20260207_sm.jpg,/objects/thumbs/mantrams_tf3_larios_rc6_dhun-g3-080_20260207_th.jpg,,,https://doi.org/10.57754/FDAT.ghg0b-e6k30,
dhun-g3-081,dhun-g3,,Piyush Kukrety; Borayin Larios; Kanika Pruthi ,,,,,,,,,,,,,,image,/objects/MANTRAMS_TF3_Larios_RC6_DHUN-G3-081_20260207.jpg,/objects/small/mantrams_tf3_larios_rc6_dhun-g3-081_20260207_sm.jpg,/objects/thumbs/mantrams_tf3_larios_rc6_dhun-g3-081_20260207_th.jpg,,,https://doi.org/10.57754/FDAT.ghg0b-e6k30,
dhun-g3-082,dhun-g3,,Piyush Kukrety; Borayin Larios; Kanika Pruthi ,,,,,,,,,,,,,,image,/objects/MANTRAMS_TF3_Larios_RC6_DHUN-G3-082_20260207.jpg,/objects/small/mantrams_tf3_larios_rc6_dhun-g3-082_20260207_sm.jpg,/objects/thumbs/mantrams_tf3_larios_rc6_dhun-g3-082_20260207_th.jpg,,,https://doi.org/10.57754/FDAT.ghg0b-e6k30,
dhun-g3-083,dhun-g3,,Piyush Kukrety; Borayin Larios; Kanika Pruthi ,,,,,,,,,,,,,,image,/objects/MANTRAMS_TF3_Larios_RC6_DHUN-G3-083_20260207.jpg,/objects/small/mantrams_tf3_larios_rc6_dhun-g3-083_20260207_sm.jpg,/objects/thumbs/mantrams_tf3_larios_rc6_dhun-g3-083_20260207_th.jpg,,,https://doi.org/10.57754/FDAT.ghg0b-e6k30,
dhun-g3-084,dhun-g3,,Piyush Kukrety; Borayin Larios; Kanika Pruthi ,,,,,,,,,,,,,,image,/objects/MANTRAMS_TF3_Larios_RC6_DHUN-G3-084_20260207.jpg,/objects/small/mantrams_tf3_larios_rc6_dhun-g3-084_20260207_sm.jpg,/objects/thumbs/mantrams_tf3_larios_rc6_dhun-g3-084_20260207_th.jpg,,,https://doi.org/10.57754/FDAT.ghg0b-e6k30,
dhun-g3-085,dhun-g3,,Piyush Kukrety; Borayin Larios; Kanika Pruthi ,,,,,,,,,,,,,,image,/objects/MANTRAMS_TF3_Larios_RC6_DHUN-G3-085_20260207.jpg,/objects/small/mantrams_tf3_larios_rc6_dhun-g3-085_20260207_sm.jpg,/objects/thumbs/mantrams_tf3_larios_rc6_dhun-g3-085_20260207_th.jpg,,,https://doi.org/10.57754/FDAT.ghg0b-e6k30,
dhun-g3-086,dhun-g3,,Piyush Kukrety; Borayin Larios; Kanika Pruthi ,,,,,,,,,,,,,,image,/objects/MANTRAMS_TF3_Larios_RC6_DHUN-G3-086_20260207.jpg,/objects/small/mantrams_tf3_larios_rc6_dhun-g3-086_20260207_sm.jpg,/objects/thumbs/mantrams_tf3_larios_rc6_dhun-g3-086_20260207_th.jpg,,,https://doi.org/10.57754/FDAT.ghg0b-e6k30,
dhun-g3-087,dhun-g3,,Piyush Kukrety; Borayin Larios; Kanika Pruthi ,,,,,,,,,,,,,,image,/objects/MANTRAMS_TF3_Larios_RC6_DHUN-G3-087_20260207.jpg,/objects/small/mantrams_tf3_larios_rc6_dhun-g3-087_20260207_sm.jpg,/objects/thumbs/mantrams_tf3_larios_rc6_dhun-g3-087_20260207_th.jpg,,,https://doi.org/10.57754/FDAT.ghg0b-e6k30,
dhun-g3-088,dhun-g3,,Piyush Kukrety; Borayin Larios; Kanika Pruthi ,,,,,,,,,,,,,,image,/objects/MANTRAMS_TF3_Larios_RC6_DHUN-G3-088_20260207.jpg,/objects/small/mantrams_tf3_larios_rc6_dhun-g3-088_20260207_sm.jpg,/objects/thumbs/mantrams_tf3_larios_rc6_dhun-g3-088_20260207_th.jpg,,,https://doi.org/10.57754/FDAT.ghg0b-e6k30,
dhun-g3-089,dhun-g3,,Piyush Kukrety; Borayin Larios; Kanika Pruthi ,,,,,,,,,,,,,,image,/objects/MANTRAMS_TF3_Larios_RC6_DHUN-G3-089_20260207.jpg,/objects/small/mantrams_tf3_larios_rc6_dhun-g3-089_20260207_sm.jpg,/objects/thumbs/mantrams_tf3_larios_rc6_dhun-g3-089_20260207_th.jpg,,,https://doi.org/10.57754/FDAT.ghg0b-e6k30,
dhun-g3-090,dhun-g3,,Piyush Kukrety; Borayin Larios; Kanika Pruthi ,,,,,,,,,,,,,,image,/objects/MANTRAMS_TF3_Larios_RC6_DHUN-G3-090_20260208.jpg,/objects/small/mantrams_tf3_larios_rc6_dhun-g3-090_20260208_sm.jpg,/objects/thumbs/mantrams_tf3_larios_rc6_dhun-g3-090_20260208_th.jpg,,,https://doi.org/10.57754/FDAT.ghg0b-e6k30,
dhun-g3-091,dhun-g3,,Piyush Kukrety; Borayin Larios; Kanika Pruthi ,,,,,,,,,,,,,,image,/objects/MANTRAMS_TF3_Larios_RC6_DHUN-G3-091_20260208.jpg,/objects/small/mantrams_tf3_larios_rc6_dhun-g3-091_20260208_sm.jpg,/objects/thumbs/mantrams_tf3_larios_rc6_dhun-g3-091_20260208_th.jpg,,,https://doi.org/10.57754/FDAT.ghg0b-e6k30,
dhun-g3-092,dhun-g3,,Piyush Kukrety; Borayin Larios; Kanika Pruthi ,,,,,,,,,,,,,,image,/objects/MANTRAMS_TF3_Larios_RC6_DHUN-G3-092_20260208.jpg,/objects/small/mantrams_tf3_larios_rc6_dhun-g3-092_20260208_sm.jpg,/objects/thumbs/mantrams_tf3_larios_rc6_dhun-g3-092_20260208_th.jpg,,,https://doi.org/10.57754/FDAT.ghg0b-e6k30,
dhun-g3-093,dhun-g3,,Piyush Kukrety; Borayin Larios; Kanika Pruthi ,,,,,,,,,,,,,,image,/objects/MANTRAMS_TF3_Larios_RC6_DHUN-G3-093_20260208.jpg,/objects/small/mantrams_tf3_larios_rc6_dhun-g3-093_20260208_sm.jpg,/objects/thumbs/mantrams_tf3_larios_rc6_dhun-g3-093_20260208_th.jpg,,,https://doi.org/10.57754/FDAT.ghg0b-e6k30,
dhun-g3-094,dhun-g3,,Piyush Kukrety; Borayin Larios; Kanika Pruthi ,,,,,,,,,,,,,,image,/objects/MANTRAMS_TF3_Larios_RC6_DHUN-G3-094_20260208.jpg,/objects/small/mantrams_tf3_larios_rc6_dhun-g3-094_20260208_sm.jpg,/objects/thumbs/mantrams_tf3_larios_rc6_dhun-g3-094_20260208_th.jpg,,,https://doi.org/10.57754/FDAT.ghg0b-e6k30,
dhun-g3-095,dhun-g3,,Piyush Kukrety; Borayin Larios; Kanika Pruthi ,,,,,,,,,,,,,,image,/objects/MANTRAMS_TF3_Larios_RC6_DHUN-G3-095_20260208.jpg,/objects/small/mantrams_tf3_larios_rc6_dhun-g3-095_20260208_sm.jpg,/objects/thumbs/mantrams_tf3_larios_rc6_dhun-g3-095_20260208_th.jpg,,,https://doi.org/10.57754/FDAT.ghg0b-e6k30,
dhun-g3-096,dhun-g3,,Piyush Kukrety; Borayin Larios; Kanika Pruthi ,,,,,,,,,,,,,,image,/objects/MANTRAMS_TF3_Larios_RC6_DHUN-G3-096_20260208.jpg,/objects/small/mantrams_tf3_larios_rc6_dhun-g3-096_20260208_sm.jpg,/objects/thumbs/mantrams_tf3_larios_rc6_dhun-g3-096_20260208_th.jpg,,,https://doi.org/10.57754/FDAT.ghg0b-e6k30,
dhun-g3-097,dhun-g3,,Piyush Kukrety; Borayin Larios; Kanika Pruthi ,,,,,,,,,,,,,,image,/objects/MANTRAMS_TF3_Larios_RC6_DHUN-G3-097_20260208.jpg,/objects/small/mantrams_tf3_larios_rc6_dhun-g3-097_20260208_sm.jpg,/objects/thumbs/mantrams_tf3_larios_rc6_dhun-g3-097_20260208_th.jpg,,,https://doi.org/10.57754/FDAT.ghg0b-e6k30,
dhun-g3-098,dhun-g3,,Piyush Kukrety; Borayin Larios; Kanika Pruthi ,,,,,,,,,,,,,,image,/objects/MANTRAMS_TF3_Larios_RC6_DHUN-G3-098_20260208.jpg,/objects/small/mantrams_tf3_larios_rc6_dhun-g3-098_20260208_sm.jpg,/objects/thumbs/mantrams_tf3_larios_rc6_dhun-g3-098_20260208_th.jpg,,,https://doi.org/10.57754/FDAT.ghg0b-e6k30,
dhun-g3-099,dhun-g3,,Piyush Kukrety; Borayin Larios; Kanika Pruthi ,,,,,,,,,,,,,,image,/objects/MANTRAMS_TF3_Larios_RC6_DHUN-G3-099_20260208.jpg,/objects/small/mantrams_tf3_larios_rc6_dhun-g3-099_20260208_sm.jpg,/objects/thumbs/mantrams_tf3_larios_rc6_dhun-g3-099_20260208_th.jpg,,,https://doi.org/10.57754/FDAT.ghg0b-e6k30,
dhun-g3-100,dhun-g3,,Piyush Kukrety; Borayin Larios; Kanika Pruthi ,,,,,,,,,,,,,,image,/objects/MANTRAMS_TF3_Larios_RC6_DHUN-G3-100_20260208.jpg,/objects/small/mantrams_tf3_larios_rc6_dhun-g3-100_20260208_sm.jpg,/objects/thumbs/mantrams_tf3_larios_rc6_dhun-g3-100_20260208_th.jpg,,,https://doi.org/10.57754/FDAT.ghg0b-e6k30,
dhun-g3-101,dhun-g3,,Piyush Kukrety; Borayin Larios; Kanika Pruthi ,,,,,,,,,,,,,,image,/objects/MANTRAMS_TF3_Larios_RC6_DHUN-G3-101_20260209.jpg,/objects/small/mantrams_tf3_larios_rc6_dhun-g3-101_20260209_sm.jpg,/objects/thumbs/mantrams_tf3_larios_rc6_dhun-g3-101_20260209_th.jpg,,,https://doi.org/10.57754/FDAT.ghg0b-e6k30,
dhun-g3-102,dhun-g3,,Piyush Kukrety; Borayin Larios; Kanika Pruthi ,,,,,,,,,,,,,,image,/objects/MANTRAMS_TF3_Larios_RC6_DHUN-G3-102_20260209.jpg,/objects/small/mantrams_tf3_larios_rc6_dhun-g3-102_20260209_sm.jpg,/objects/thumbs/mantrams_tf3_larios_rc6_dhun-g3-102_20260209_th.jpg,,,https://doi.org/10.57754/FDAT.ghg0b-e6k30,
dhun-g3-103,dhun-g3,,Piyush Kukrety; Borayin Larios; Kanika Pruthi ,,,,,,,,,,,,,,image,/objects/MANTRAMS_TF3_Larios_RC6_DHUN-G3-103_20260209.jpg,/objects/small/mantrams_tf3_larios_rc6_dhun-g3-103_20260209_sm.jpg,/objects/thumbs/mantrams_tf3_larios_rc6_dhun-g3-103_20260209_th.jpg,,,https://doi.org/10.57754/FDAT.ghg0b-e6k30,
dhun-g3-104,dhun-g3,,Piyush Kukrety; Borayin Larios; Kanika Pruthi ,,,,,,,,,,,,,,image,/objects/MANTRAMS_TF3_Larios_RC6_DHUN-G3-104_20260209.jpg,/objects/small/mantrams_tf3_larios_rc6_dhun-g3-104_20260209_sm.jpg,/objects/thumbs/mantrams_tf3_larios_rc6_dhun-g3-104_20260209_th.jpg,,,https://doi.org/10.57754/FDAT.ghg0b-e6k30,
dhun-g3-105,dhun-g3,,Piyush Kukrety; Borayin Larios; Kanika Pruthi ,,,,,,,,,,,,,,image,/objects/MANTRAMS_TF3_Larios_RC6_DHUN-G3-105_20260209.jpg,/objects/small/mantrams_tf3_larios_rc6_dhun-g3-105_20260209_sm.jpg,/objects/thumbs/mantrams_tf3_larios_rc6_dhun-g3-105_20260209_th.jpg,,,https://doi.org/10.57754/FDAT.ghg0b-e6k30,
dhun-g3-106,dhun-g3,,Piyush Kukrety; Borayin Larios; Kanika Pruthi ,,,,,,,,,,,,,,image,/objects/MANTRAMS_TF3_Larios_RC6_DHUN-G3-106_20260209.jpg,/objects/small/mantrams_tf3_larios_rc6_dhun-g3-106_20260209_sm.jpg,/objects/thumbs/mantrams_tf3_larios_rc6_dhun-g3-106_20260209_th.jpg,,,https://doi.org/10.57754/FDAT.ghg0b-e6k30,
dhun-g3-107,dhun-g3,,Piyush Kukrety; Borayin Larios; Kanika Pruthi ,,,,,,,,,,,,,,image,/objects/MANTRAMS_TF3_Larios_RC6_DHUN-G3-107_20260209.jpg,/objects/small/mantrams_tf3_larios_rc6_dhun-g3-107_20260209_sm.jpg,/objects/thumbs/mantrams_tf3_larios_rc6_dhun-g3-107_20260209_th.jpg,,,https://doi.org/10.57754/FDAT.ghg0b-e6k30,
dhun-g3-108,dhun-g3,,Piyush Kukrety; Borayin Larios; Kanika Pruthi ,,,,,,,,,,,,,,image,/objects/MANTRAMS_TF3_Larios_RC6_DHUN-G3-108_20260209.jpg,/objects/small/mantrams_tf3_larios_rc6_dhun-g3-108_20260209_sm.jpg,/objects/thumbs/mantrams_tf3_larios_rc6_dhun-g3-108_20260209_th.jpg,,,https://doi.org/10.57754/FDAT.ghg0b-e6k30,
dhun-g3-109,dhun-g3,,Piyush Kukrety; Borayin Larios; Kanika Pruthi ,,,,,,,,,,,,,,image,/objects/MANTRAMS_TF3_Larios_RC6_DHUN-G3-109_20260209.jpg,/objects/small/mantrams_tf3_larios_rc6_dhun-g3-109_20260209_sm.jpg,/objects/thumbs/mantrams_tf3_larios_rc6_dhun-g3-109_20260209_th.jpg,,,https://doi.org/10.57754/FDAT.ghg0b-e6k30,
dhun-g3-110,dhun-g3,,Piyush Kukrety; Borayin Larios; Kanika Pruthi ,,,,,,,,,,,,,,image,/objects/MANTRAMS_TF3_Larios_RC6_DHUN-G3-110_20260209.jpg,/objects/small/mantrams_tf3_larios_rc6_dhun-g3-110_20260209_sm.jpg,/objects/thumbs/mantrams_tf3_larios_rc6_dhun-g3-110_20260209_th.jpg,,,https://doi.org/10.57754/FDAT.ghg0b-e6k30,
dhun-g3-111,dhun-g3,,Piyush Kukrety; Borayin Larios; Kanika Pruthi ,,,,,,,,,,,,,,image,/objects/MANTRAMS_TF3_Larios_RC6_DHUN-G3-111_20260209.jpg,/objects/small/mantrams_tf3_larios_rc6_dhun-g3-111_20260209_sm.jpg,/objects/thumbs/mantrams_tf3_larios_rc6_dhun-g3-111_20260209_th.jpg,,,https://doi.org/10.57754/FDAT.ghg0b-e6k30,
dhun-g3-112,dhun-g3,,Piyush Kukrety; Borayin Larios; Kanika Pruthi ,,,,,,,,,,,,,,image,/objects/MANTRAMS_TF3_Larios_RC6_DHUN-G3-112_20260209.jpg,/objects/small/mantrams_tf3_larios_rc6_dhun-g3-112_20260209_sm.jpg,/objects/thumbs/mantrams_tf3_larios_rc6_dhun-g3-112_20260209_th.jpg,,,https://doi.org/10.57754/FDAT.ghg0b-e6k30,
dhun-g3-113,dhun-g3,,Piyush Kukrety; Borayin Larios; Kanika Pruthi ,,,,,,,,,,,,,,image,/objects/MANTRAMS_TF3_Larios_RC6_DHUN-G3-113_20260209.jpg,/objects/small/mantrams_tf3_larios_rc6_dhun-g3-113_20260209_sm.jpg,/objects/thumbs/mantrams_tf3_larios_rc6_dhun-g3-113_20260209_th.jpg,,,https://doi.org/10.57754/FDAT.ghg0b-e6k30,
dhun-g3-114,dhun-g3,,Piyush Kukrety; Borayin Larios; Kanika Pruthi ,,,,,,,,,,,,,,image,/objects/MANTRAMS_TF3_Larios_RC6_DHUN-G3-114_20260209.jpg,/objects/small/mantrams_tf3_larios_rc6_dhun-g3-114_20260209_sm.jpg,/objects/thumbs/mantrams_tf3_larios_rc6_dhun-g3-114_20260209_th.jpg,,,https://doi.org/10.57754/FDAT.ghg0b-e6k30,
dhun-g3-115,dhun-g3,,Piyush Kukrety; Borayin Larios; Kanika Pruthi ,,,,,,,,,,,,,,image,/objects/MANTRAMS_TF3_Larios_RC6_DHUN-G3-115_20260209.jpg,/objects/small/mantrams_tf3_larios_rc6_dhun-g3-115_20260209_sm.jpg,/objects/thumbs/mantrams_tf3_larios_rc6_dhun-g3-115_20260209_th.jpg,,,https://doi.org/10.57754/FDAT.ghg0b-e6k30,
dhun-g3-116,dhun-g3,,Piyush Kukrety; Borayin Larios; Kanika Pruthi ,,,,,,,,,,,,,,image,/objects/MANTRAMS_TF3_Larios_RC6_DHUN-G3-116_20260209.jpg,/objects/small/mantrams_tf3_larios_rc6_dhun-g3-116_20260209_sm.jpg,/objects/thumbs/mantrams_tf3_larios_rc6_dhun-g3-116_20260209_th.jpg,,,https://doi.org/10.57754/FDAT.ghg0b-e6k30,
dhun-g3-117,dhun-g3,,Piyush Kukrety; Borayin Larios; Kanika Pruthi ,,,,,,,,,,,,,,image,/objects/MANTRAMS_TF3_Larios_RC6_DHUN-G3-117_20260209.jpg,/objects/small/mantrams_tf3_larios_rc6_dhun-g3-117_20260209_sm.jpg,/objects/thumbs/mantrams_tf3_larios_rc6_dhun-g3-117_20260209_th.jpg,,,https://doi.org/10.57754/FDAT.ghg0b-e6k30,
dhun-g3-118,dhun-g3,,Piyush Kukrety; Borayin Larios; Kanika Pruthi ,,,,,,,,,,,,,,image,/objects/MANTRAMS_TF3_Larios_RC6_DHUN-G3-118_20260210.jpg,/objects/small/mantrams_tf3_larios_rc6_dhun-g3-118_20260210_sm.jpg,/objects/thumbs/mantrams_tf3_larios_rc6_dhun-g3-118_20260210_th.jpg,,,https://doi.org/10.57754/FDAT.ghg0b-e6k30,
dhun-g3-119,dhun-g3,,Piyush Kukrety; Borayin Larios; Kanika Pruthi ,,,,,,,,,,,,,,image,/objects/MANTRAMS_TF3_Larios_RC6_DHUN-G3-119_20260210.jpg,/objects/small/mantrams_tf3_larios_rc6_dhun-g3-119_20260210_sm.jpg,/objects/thumbs/mantrams_tf3_larios_rc6_dhun-g3-119_20260210_th.jpg,,,https://doi.org/10.57754/FDAT.ghg0b-e6k30,
dhun-g3-120,dhun-g3,,Piyush Kukrety; Borayin Larios; Kanika Pruthi ,,,,,,,,,,,,,,image,/objects/MANTRAMS_TF3_Larios_RC6_DHUN-G3-120_20260210.jpg,/objects/small/mantrams_tf3_larios_rc6_dhun-g3-120_20260210_sm.jpg,/objects/thumbs/mantrams_tf3_larios_rc6_dhun-g3-120_20260210_th.jpg,,,https://doi.org/10.57754/FDAT.ghg0b-e6k30,
dhun-g3-121,dhun-g3,,Piyush Kukrety; Borayin Larios; Kanika Pruthi ,,,,,,,,,,,,,,image,/objects/MANTRAMS_TF3_Larios_RC6_DHUN-G3-121_20260210.jpg,/objects/small/mantrams_tf3_larios_rc6_dhun-g3-121_20260210_sm.jpg,/objects/thumbs/mantrams_tf3_larios_rc6_dhun-g3-121_20260210_th.jpg,,,https://doi.org/10.57754/FDAT.ghg0b-e6k30,
dhun-g3-122,dhun-g3,,Piyush Kukrety; Borayin Larios; Kanika Pruthi ,,,,,,,,,,,,,,image,/objects/MANTRAMS_TF3_Larios_RC6_DHUN-G3-122_20260210.jpg,/objects/small/mantrams_tf3_larios_rc6_dhun-g3-122_20260210_sm.jpg,/objects/thumbs/mantrams_tf3_larios_rc6_dhun-g3-122_20260210_th.jpg,,,https://doi.org/10.57754/FDAT.ghg0b-e6k30,
dhun-g3-123,dhun-g3,,Piyush Kukrety; Borayin Larios; Kanika Pruthi ,,,,,,,,,,,,,,image,/objects/MANTRAMS_TF3_Larios_RC6_DHUN-G3-123_20260210.jpg,/objects/small/mantrams_tf3_larios_rc6_dhun-g3-123_20260210_sm.jpg,/objects/thumbs/mantrams_tf3_larios_rc6_dhun-g3-123_20260210_th.jpg,,,https://doi.org/10.57754/FDAT.ghg0b-e6k30,
dhun-g3-124,dhun-g3,,Piyush Kukrety; Borayin Larios; Kanika Pruthi ,,,,,,,,,,,,,,image,/objects/MANTRAMS_TF3_Larios_RC6_DHUN-G3-124_20260210.jpg,/objects/small/mantrams_tf3_larios_rc6_dhun-g3-124_20260210_sm.jpg,/objects/thumbs/mantrams_tf3_larios_rc6_dhun-g3-124_20260210_th.jpg,,,https://doi.org/10.57754/FDAT.ghg0b-e6k30,
dhun-g3-125,dhun-g3,,Piyush Kukrety; Borayin Larios; Kanika Pruthi ,,,,,,,,,,,,,,image,/objects/MANTRAMS_TF3_Larios_RC6_DHUN-G3-125_20260210.jpg,/objects/small/mantrams_tf3_larios_rc6_dhun-g3-125_20260210_sm.jpg,/objects/thumbs/mantrams_tf3_larios_rc6_dhun-g3-125_20260210_th.jpg,,,https://doi.org/10.57754/FDAT.ghg0b-e6k30,
dhun-g3-126,dhun-g3,,Piyush Kukrety; Borayin Larios; Kanika Pruthi ,,,,,,,,,,,,,,image,/objects/MANTRAMS_TF3_Larios_RC6_DHUN-G3-126_20260210.jpg,/objects/small/mantrams_tf3_larios_rc6_dhun-g3-126_20260210_sm.jpg,/objects/thumbs/mantrams_tf3_larios_rc6_dhun-g3-126_20260210_th.jpg,,,https://doi.org/10.57754/FDAT.ghg0b-e6k30,
dhun-g3-127,dhun-g3,,Piyush Kukrety; Borayin Larios; Kanika Pruthi ,,,,,,,,,,,,,,image,/objects/MANTRAMS_TF3_Larios_RC6_DHUN-G3-127_20260210.jpg,/objects/small/mantrams_tf3_larios_rc6_dhun-g3-127_20260210_sm.jpg,/objects/thumbs/mantrams_tf3_larios_rc6_dhun-g3-127_20260210_th.jpg,,,https://doi.org/10.57754/FDAT.ghg0b-e6k30,
dhun-g3-128,dhun-g3,,Piyush Kukrety; Borayin Larios; Kanika Pruthi ,,,,,,,,,,,,,,image,/objects/MANTRAMS_TF3_Larios_RC6_DHUN-G3-128_20260210.jpg,/objects/small/mantrams_tf3_larios_rc6_dhun-g3-128_20260210_sm.jpg,/objects/thumbs/mantrams_tf3_larios_rc6_dhun-g3-128_20260210_th.jpg,,,https://doi.org/10.57754/FDAT.ghg0b-e6k30,
dhun-g3-129,dhun-g3,,Piyush Kukrety; Borayin Larios; Kanika Pruthi ,,,,,,,,,,,,,,image,/objects/MANTRAMS_TF3_Larios_RC6_DHUN-G3-129_20260210.jpg,/objects/small/mantrams_tf3_larios_rc6_dhun-g3-129_20260210_sm.jpg,/objects/thumbs/mantrams_tf3_larios_rc6_dhun-g3-129_20260210_th.jpg,,,https://doi.org/10.57754/FDAT.ghg0b-e6k30,
dhun-g3-130,dhun-g3,,Piyush Kukrety; Borayin Larios; Kanika Pruthi ,,,,,,,,,,,,,,image,/objects/MANTRAMS_TF3_Larios_RC6_DHUN-G3-130_20260210.jpg,/objects/small/mantrams_tf3_larios_rc6_dhun-g3-130_20260210_sm.jpg,/objects/thumbs/mantrams_tf3_larios_rc6_dhun-g3-130_20260210_th.jpg,,,https://doi.org/10.57754/FDAT.ghg0b-e6k30,
dhun-g3-131,dhun-g3,,Piyush Kukrety; Borayin Larios; Kanika Pruthi ,,,,,,,,,,,,,,image,/objects/MANTRAMS_TF3_Larios_RC6_DHUN-G3-131_20260210.jpg,/objects/small/mantrams_tf3_larios_rc6_dhun-g3-131_20260210_sm.jpg,/objects/thumbs/mantrams_tf3_larios_rc6_dhun-g3-131_20260210_th.jpg,,,https://doi.org/10.57754/FDAT.ghg0b-e6k30,
dhun-g3-132,dhun-g3,,Piyush Kukrety; Borayin Larios; Kanika Pruthi ,,,,,,,,,,,,,,image,/objects/MANTRAMS_TF3_Larios_RC6_DHUN-G3-132_20260213.jpg,/objects/small/mantrams_tf3_larios_rc6_dhun-g3-132_20260213_sm.jpg,/objects/thumbs/mantrams_tf3_larios_rc6_dhun-g3-132_20260213_th.jpg,,,https://doi.org/10.57754/FDAT.ghg0b-e6k30,
dhun-g3-133,dhun-g3,,Piyush Kukrety; Borayin Larios; Kanika Pruthi ,,,,,,,,,,,,,,image,/objects/MANTRAMS_TF3_Larios_RC6_DHUN-G3-133_20260211.jpg,/objects/small/mantrams_tf3_larios_rc6_dhun-g3-133_20260211_sm.jpg,/objects/thumbs/mantrams_tf3_larios_rc6_dhun-g3-133_20260211_th.jpg,,,https://doi.org/10.57754/FDAT.ghg0b-e6k30,
dhun-g3-134,dhun-g3,,Piyush Kukrety; Borayin Larios; Kanika Pruthi ,,,,,,,,,,,,,,image,/objects/MANTRAMS_TF3_Larios_RC6_DHUN-G3-134_20260211.jpg,/objects/small/mantrams_tf3_larios_rc6_dhun-g3-134_20260211_sm.jpg,/objects/thumbs/mantrams_tf3_larios_rc6_dhun-g3-134_20260211_th.jpg,,,https://doi.org/10.57754/FDAT.ghg0b-e6k30,
dhun-g3-135,dhun-g3,,Piyush Kukrety; Borayin Larios; Kanika Pruthi ,,,,,,,,,,,,,,image,/objects/MANTRAMS_TF3_Larios_RC6_DHUN-G3-135_20260211.jpg,/objects/small/mantrams_tf3_larios_rc6_dhun-g3-135_20260211_sm.jpg,/objects/thumbs/mantrams_tf3_larios_rc6_dhun-g3-135_20260211_th.jpg,,,https://doi.org/10.57754/FDAT.ghg0b-e6k30,
dhun-g3-136,dhun-g3,,Piyush Kukrety; Borayin Larios; Kanika Pruthi ,,,,,,,,,,,,,,image,/objects/MANTRAMS_TF3_Larios_RC6_DHUN-G3-136_20260211.jpg,/objects/small/mantrams_tf3_larios_rc6_dhun-g3-136_20260211_sm.jpg,/objects/thumbs/mantrams_tf3_larios_rc6_dhun-g3-136_20260211_th.jpg,,,https://doi.org/10.57754/FDAT.ghg0b-e6k30,
dhun-g3-137,dhun-g3,,Piyush Kukrety; Borayin Larios; Kanika Pruthi ,,,,,,,,,,,,,,image,/objects/MANTRAMS_TF3_Larios_RC6_DHUN-G3-137_20260211.jpg,/objects/small/mantrams_tf3_larios_rc6_dhun-g3-137_20260211_sm.jpg,/objects/thumbs/mantrams_tf3_larios_rc6_dhun-g3-137_20260211_th.jpg,,,https://doi.org/10.57754/FDAT.ghg0b-e6k30,
dhun-g3-138,dhun-g3,,Piyush Kukrety; Borayin Larios; Kanika Pruthi ,,,,,,,,,,,,,,image,/objects/MANTRAMS_TF3_Larios_RC6_DHUN-G3-138_20260211.jpg,/objects/small/mantrams_tf3_larios_rc6_dhun-g3-138_20260211_sm.jpg,/objects/thumbs/mantrams_tf3_larios_rc6_dhun-g3-138_20260211_th.jpg,,,https://doi.org/10.57754/FDAT.ghg0b-e6k30,
dhun-g3-139,dhun-g3,,Piyush Kukrety; Borayin Larios; Kanika Pruthi ,,,,,,,,,,,,,,image,/objects/MANTRAMS_TF3_Larios_RC6_DHUN-G3-139_20260211.jpg,/objects/small/mantrams_tf3_larios_rc6_dhun-g3-139_20260211_sm.jpg,/objects/thumbs/mantrams_tf3_larios_rc6_dhun-g3-139_20260211_th.jpg,,,https://doi.org/10.57754/FDAT.ghg0b-e6k30,
dhun-g3-140,dhun-g3,,Piyush Kukrety; Borayin Larios; Kanika Pruthi ,,,,,,,,,,,,,,image,/objects/MANTRAMS_TF3_Larios_RC6_DHUN-G3-140_20260211.jpg,/objects/small/mantrams_tf3_larios_rc6_dhun-g3-140_20260211_sm.jpg,/objects/thumbs/mantrams_tf3_larios_rc6_dhun-g3-140_20260211_th.jpg,,,https://doi.org/10.57754/FDAT.ghg0b-e6k30,
dhun-g3-141,dhun-g3,,Piyush Kukrety; Borayin Larios; Kanika Pruthi ,,,,,,,,,,,,,,image,/objects/MANTRAMS_TF3_Larios_RC6_DHUN-G3-141_20260212.jpg,/objects/small/mantrams_tf3_larios_rc6_dhun-g3-141_20260212_sm.jpg,/objects/thumbs/mantrams_tf3_larios_rc6_dhun-g3-141_20260212_th.jpg,,,https://doi.org/10.57754/FDAT.ghg0b-e6k30,
dhun-g3-142,dhun-g3,,Piyush Kukrety; Borayin Larios; Kanika Pruthi ,,,,,,,,,,,,,,image,/objects/MANTRAMS_TF3_Larios_RC6_DHUN-G3-142_20260212.jpg,/objects/small/mantrams_tf3_larios_rc6_dhun-g3-142_20260212_sm.jpg,/objects/thumbs/mantrams_tf3_larios_rc6_dhun-g3-142_20260212_th.jpg,,,https://doi.org/10.57754/FDAT.ghg0b-e6k30,
dhun-g3-143,dhun-g3,,Piyush Kukrety; Borayin Larios; Kanika Pruthi ,,,,,,,,,,,,,,image,/objects/MANTRAMS_TF3_Larios_RC6_DHUN-G3-143_20260212.jpg,/objects/small/mantrams_tf3_larios_rc6_dhun-g3-143_20260212_sm.jpg,/objects/thumbs/mantrams_tf3_larios_rc6_dhun-g3-143_20260212_th.jpg,,,https://doi.org/10.57754/FDAT.ghg0b-e6k30,
dhun-g3-144,dhun-g3,,Piyush Kukrety; Borayin Larios; Kanika Pruthi ,,,,,,,,,,,,,,image,/objects/MANTRAMS_TF3_Larios_RC6_DHUN-G3-144_20260212.jpg,/objects/small/mantrams_tf3_larios_rc6_dhun-g3-144_20260212_sm.jpg,/objects/thumbs/mantrams_tf3_larios_rc6_dhun-g3-144_20260212_th.jpg,,,https://doi.org/10.57754/FDAT.ghg0b-e6k30,
dhun-g3-145,dhun-g3,,Piyush Kukrety; Borayin Larios; Kanika Pruthi ,,,,,,,,,,,,,,image,/objects/MANTRAMS_TF3_Larios_RC6_DHUN-G3-145_20260212.jpg,/objects/small/mantrams_tf3_larios_rc6_dhun-g3-145_20260212_sm.jpg,/objects/thumbs/mantrams_tf3_larios_rc6_dhun-g3-145_20260212_th.jpg,,,https://doi.org/10.57754/FDAT.ghg0b-e6k30,
dhun-g3-146,dhun-g3,,Piyush Kukrety; Borayin Larios; Kanika Pruthi ,,,,,,,,,,,,,,image,/objects/MANTRAMS_TF3_Larios_RC6_DHUN-G3-146_20260212.jpg,/objects/small/mantrams_tf3_larios_rc6_dhun-g3-146_20260212_sm.jpg,/objects/thumbs/mantrams_tf3_larios_rc6_dhun-g3-146_20260212_th.jpg,,,https://doi.org/10.57754/FDAT.ghg0b-e6k30,
dhun-g3-147,dhun-g3,,Piyush Kukrety; Borayin Larios; Kanika Pruthi ,,,,,,,,,,,,,,image,/objects/MANTRAMS_TF3_Larios_RC6_DHUN-G3-147_20260212.jpg,/objects/small/mantrams_tf3_larios_rc6_dhun-g3-147_20260212_sm.jpg,/objects/thumbs/mantrams_tf3_larios_rc6_dhun-g3-147_20260212_th.jpg,,,https://doi.org/10.57754/FDAT.ghg0b-e6k30,
dhun-g3-148,dhun-g3,,Piyush Kukrety; Borayin Larios; Kanika Pruthi ,,,,,,,,,,,,,,image,/objects/MANTRAMS_TF3_Larios_RC6_DHUN-G3-148_20260212.jpg,/objects/small/mantrams_tf3_larios_rc6_dhun-g3-148_20260212_sm.jpg,/objects/thumbs/mantrams_tf3_larios_rc6_dhun-g3-148_20260212_th.jpg,,,https://doi.org/10.57754/FDAT.ghg0b-e6k30,
dhun-g3-149,dhun-g3,,Piyush Kukrety; Borayin Larios; Kanika Pruthi ,,,,,,,,,,,,,,image,/objects/MANTRAMS_TF3_Larios_RC6_DHUN-G3-149_20260212.jpg,/objects/small/mantrams_tf3_larios_rc6_dhun-g3-149_20260212_sm.jpg,/objects/thumbs/mantrams_tf3_larios_rc6_dhun-g3-149_20260212_th.jpg,,,https://doi.org/10.57754/FDAT.ghg0b-e6k30,
dhun-g3-150,dhun-g3,,Piyush Kukrety; Borayin Larios; Kanika Pruthi ,,,,,,,,,,,,,,image,/objects/MANTRAMS_TF3_Larios_RC6_DHUN-G3-150_20260212.jpg,/objects/small/mantrams_tf3_larios_rc6_dhun-g3-150_20260212_sm.jpg,/objects/thumbs/mantrams_tf3_larios_rc6_dhun-g3-150_20260212_th.jpg,,,https://doi.org/10.57754/FDAT.ghg0b-e6k30,
dhun-g3-151,dhun-g3,,Piyush Kukrety; Borayin Larios; Kanika Pruthi ,,,,,,,,,,,,,,image,/objects/MANTRAMS_TF3_Larios_RC6_DHUN-G3-151_20260212.jpg,/objects/small/mantrams_tf3_larios_rc6_dhun-g3-151_20260212_sm.jpg,/objects/thumbs/mantrams_tf3_larios_rc6_dhun-g3-151_20260212_th.jpg,,,https://doi.org/10.57754/FDAT.ghg0b-e6k30,
dhun-g3-152,dhun-g3,,Piyush Kukrety; Borayin Larios; Kanika Pruthi ,,,,,,,,,,,,,,image,/objects/MANTRAMS_TF3_Larios_RC6_DHUN-G3-152_20260212.jpg,/objects/small/mantrams_tf3_larios_rc6_dhun-g3-152_20260212_sm.jpg,/objects/thumbs/mantrams_tf3_larios_rc6_dhun-g3-152_20260212_th.jpg,,,https://doi.org/10.57754/FDAT.ghg0b-e6k30,
dhun-g3-153,dhun-g3,,Piyush Kukrety; Borayin Larios; Kanika Pruthi ,,,,,,,,,,,,,,image,/objects/MANTRAMS_TF3_Larios_RC6_DHUN-G3-153_20260212.jpg,/objects/small/mantrams_tf3_larios_rc6_dhun-g3-153_20260212_sm.jpg,/objects/thumbs/mantrams_tf3_larios_rc6_dhun-g3-153_20260212_th.jpg,,,https://doi.org/10.57754/FDAT.ghg0b-e6k30,
dhun-g3-154,dhun-g3,,Piyush Kukrety; Borayin Larios; Kanika Pruthi ,,,,,,,,,,,,,,image,/objects/MANTRAMS_TF3_Larios_RC6_DHUN-G3-154_20260212.jpg,/objects/small/mantrams_tf3_larios_rc6_dhun-g3-154_20260212_sm.jpg,/objects/thumbs/mantrams_tf3_larios_rc6_dhun-g3-154_20260212_th.jpg,,,https://doi.org/10.57754/FDAT.ghg0b-e6k30,
dhun-g3-155,dhun-g3,,Piyush Kukrety; Borayin Larios; Kanika Pruthi ,,,,,,,,,,,,,,image,/objects/MANTRAMS_TF3_Larios_RC6_DHUN-G3-155_20260212.jpg,/objects/small/mantrams_tf3_larios_rc6_dhun-g3-155_20260212_sm.jpg,/objects/thumbs/mantrams_tf3_larios_rc6_dhun-g3-155_20260212_th.jpg,,,https://doi.org/10.57754/FDAT.ghg0b-e6k30,
dhun-g3-156,dhun-g3,,Piyush Kukrety; Borayin Larios; Kanika Pruthi ,,,,,,,,,,,,,,image,/objects/MANTRAMS_TF3_Larios_RC6_DHUN-G3-156_20260212.jpg,/objects/small/mantrams_tf3_larios_rc6_dhun-g3-156_20260212_sm.jpg,/objects/thumbs/mantrams_tf3_larios_rc6_dhun-g3-156_20260212_th.jpg,,,https://doi.org/10.57754/FDAT.ghg0b-e6k30,
dhun-g3-157,dhun-g3,,Piyush Kukrety; Borayin Larios; Kanika Pruthi ,,,,,,,,,,,,,,image,/objects/MANTRAMS_TF3_Larios_RC6_DHUN-G3-157_20260212.jpg,/objects/small/mantrams_tf3_larios_rc6_dhun-g3-157_20260212_sm.jpg,/objects/thumbs/mantrams_tf3_larios_rc6_dhun-g3-157_20260212_th.jpg,,,https://doi.org/10.57754/FDAT.ghg0b-e6k30,
dhun-g3-158,dhun-g3,,Piyush Kukrety; Borayin Larios; Kanika Pruthi ,,,,,,,,,,,,,,image,/objects/MANTRAMS_TF3_Larios_RC6_DHUN-G3-158_20260212.jpg,/objects/small/mantrams_tf3_larios_rc6_dhun-g3-158_20260212_sm.jpg,/objects/thumbs/mantrams_tf3_larios_rc6_dhun-g3-158_20260212_th.jpg,,,https://doi.org/10.57754/FDAT.ghg0b-e6k30,
dhun-g3-159,dhun-g3,,Piyush Kukrety; Borayin Larios; Kanika Pruthi ,,,,,,,,,,,,,,image,/objects/MANTRAMS_TF3_Larios_RC6_DHUN-G3-159_20260213.jpg,/objects/small/mantrams_tf3_larios_rc6_dhun-g3-159_20260213_sm.jpg,/objects/thumbs/mantrams_tf3_larios_rc6_dhun-g3-159_20260213_th.jpg,,,https://doi.org/10.57754/FDAT.ghg0b-e6k30,
dhun-g3-160,dhun-g3,,Piyush Kukrety; Borayin Larios; Kanika Pruthi ,,,,,,,,,,,,,,image,/objects/MANTRAMS_TF3_Larios_RC6_DHUN-G3-160_20260213.jpg,/objects/small/mantrams_tf3_larios_rc6_dhun-g3-160_20260213_sm.jpg,/objects/thumbs/mantrams_tf3_larios_rc6_dhun-g3-160_20260213_th.jpg,,,https://doi.org/10.57754/FDAT.ghg0b-e6k30,
dhun-g3-161,dhun-g3,,Piyush Kukrety; Borayin Larios; Kanika Pruthi ,,,,,,,,,,,,,,image,/objects/MANTRAMS_TF3_Larios_RC6_DHUN-G3-161_20260213.jpg,/objects/small/mantrams_tf3_larios_rc6_dhun-g3-161_20260213_sm.jpg,/objects/thumbs/mantrams_tf3_larios_rc6_dhun-g3-161_20260213_th.jpg,,,https://doi.org/10.57754/FDAT.ghg0b-e6k30,
dhun-g3-162,dhun-g3,,Piyush Kukrety; Borayin Larios; Kanika Pruthi ,,,,,,,,,,,,,,image,/objects/MANTRAMS_TF3_Larios_RC6_DHUN-G3-162_20260213.jpg,/objects/small/mantrams_tf3_larios_rc6_dhun-g3-162_20260213_sm.jpg,/objects/thumbs/mantrams_tf3_larios_rc6_dhun-g3-162_20260213_th.jpg,,,https://doi.org/10.57754/FDAT.ghg0b-e6k30,
dhun-g3-163,dhun-g3,,Piyush Kukrety; Borayin Larios; Kanika Pruthi ,,,,,,,,,,,,,,image,/objects/MANTRAMS_TF3_Larios_RC6_DHUN-G3-163_20260213.jpg,/objects/small/mantrams_tf3_larios_rc6_dhun-g3-163_20260213_sm.jpg,/objects/thumbs/mantrams_tf3_larios_rc6_dhun-g3-163_20260213_th.jpg,,,https://doi.org/10.57754/FDAT.ghg0b-e6k30,
dhun-g3-164,dhun-g3,,Piyush Kukrety; Borayin Larios; Kanika Pruthi ,,,,,,,,,,,,,,image,/objects/MANTRAMS_TF3_Larios_RC6_DHUN-G3-164_20260213.jpg,/objects/small/mantrams_tf3_larios_rc6_dhun-g3-164_20260213_sm.jpg,/objects/thumbs/mantrams_tf3_larios_rc6_dhun-g3-164_20260213_th.jpg,,,https://doi.org/10.57754/FDAT.ghg0b-e6k30,
dhun-g3-165,dhun-g3,,Piyush Kukrety; Borayin Larios; Kanika Pruthi ,,,,,,,,,,,,,,image,/objects/MANTRAMS_TF3_Larios_RC6_DHUN-G3-165_20260213.jpg,/objects/small/mantrams_tf3_larios_rc6_dhun-g3-165_20260213_sm.jpg,/objects/thumbs/mantrams_tf3_larios_rc6_dhun-g3-165_20260213_th.jpg,,,https://doi.org/10.57754/FDAT.ghg0b-e6k30,
dhun-g3-166,dhun-g3,,Piyush Kukrety; Borayin Larios; Kanika Pruthi ,,,,,,,,,,,,,,image,/objects/MANTRAMS_TF3_Larios_RC6_DHUN-G3-166_20260213.jpg,/objects/small/mantrams_tf3_larios_rc6_dhun-g3-166_20260213_sm.jpg,/objects/thumbs/mantrams_tf3_larios_rc6_dhun-g3-166_20260213_th.jpg,,,https://doi.org/10.57754/FDAT.ghg0b-e6k30,
dhun-g3-167,dhun-g3,,Piyush Kukrety; Borayin Larios; Kanika Pruthi ,,,,,,,,,,,,,,image,/objects/MANTRAMS_TF3_Larios_RC6_DHUN-G3-167_20260213.jpg,/objects/small/mantrams_tf3_larios_rc6_dhun-g3-167_20260213_sm.jpg,/objects/thumbs/mantrams_tf3_larios_rc6_dhun-g3-167_20260213_th.jpg,,,https://doi.org/10.57754/FDAT.ghg0b-e6k30,
dhun-g3-168,dhun-g3,,Piyush Kukrety; Borayin Larios; Kanika Pruthi ,,,,,,,,,,,,,,image,/objects/MANTRAMS_TF3_Larios_RC6_DHUN-G3-168_20260213.jpg,/objects/small/mantrams_tf3_larios_rc6_dhun-g3-168_20260213_sm.jpg,/objects/thumbs/mantrams_tf3_larios_rc6_dhun-g3-168_20260213_th.jpg,,,https://doi.org/10.57754/FDAT.ghg0b-e6k30,
dhun-g3-169,dhun-g3,,Piyush Kukrety; Borayin Larios; Kanika Pruthi ,,,,,,,,,,,,,,image,/objects/MANTRAMS_TF3_Kukrety_RC6_DHUN-G3-169_20260208.jpg,/objects/small/mantrams_tf3_kukrety_rc6_dhun-g3-169_20260208_sm.jpg,/objects/thumbs/mantrams_tf3_kukrety_rc6_dhun-g3-169_20260208_th.jpg,,,https://doi.org/10.57754/FDAT.ghg0b-e6k30,
dhun-g3-170,dhun-g3,,Piyush Kukrety; Borayin Larios; Kanika Pruthi ,,,,,,,,,,,,,,image,/objects/MANTRAMS_TF3_Kukrety_RC6_DHUN-G3-170_20260207.jpg,/objects/small/mantrams_tf3_kukrety_rc6_dhun-g3-170_20260207_sm.jpg,/objects/thumbs/mantrams_tf3_kukrety_rc6_dhun-g3-170_20260207_th.jpg,,,https://doi.org/10.57754/FDAT.ghg0b-e6k30,
dhun-g3-171,dhun-g3,,Piyush Kukrety; Borayin Larios; Kanika Pruthi ,,,,,,,,,,,,,,image,/objects/MANTRAMS_TF3_Kukrety_RC6_DHUN-G3-171_20260206.jpg,/objects/small/mantrams_tf3_kukrety_rc6_dhun-g3-171_20260206_sm.jpg,/objects/thumbs/mantrams_tf3_kukrety_rc6_dhun-g3-171_20260206_th.jpg,,,https://doi.org/10.57754/FDAT.ghg0b-e6k30,
dhun-g3-172,dhun-g3,,Piyush Kukrety; Borayin Larios; Kanika Pruthi ,,,,,,,,,,,,,,image,/objects/MANTRAMS_TF3_Kukrety_RC6_DHUN-G3-172_20260206.jpg,/objects/small/mantrams_tf3_kukrety_rc6_dhun-g3-172_20260206_sm.jpg,/objects/thumbs/mantrams_tf3_kukrety_rc6_dhun-g3-172_20260206_th.jpg,,,https://doi.org/10.57754/FDAT.ghg0b-e6k30,
dhun-g3-173,dhun-g3,,Piyush Kukrety; Borayin Larios; Kanika Pruthi ,,,,,,,,,,,,,,image,/objects/MANTRAMS_TF3_Kukrety_RC6_DHUN-G3-173_20250809.jpg,/objects/small/mantrams_tf3_kukrety_rc6_dhun-g3-173_20250809_sm.jpg,/objects/thumbs/mantrams_tf3_kukrety_rc6_dhun-g3-173_20250809_th.jpg,,,https://doi.org/10.57754/FDAT.ghg0b-e6k30,
dhun-g3-174,dhun-g3,,Piyush Kukrety; Borayin Larios; Kanika Pruthi ,,,,,,,,,,,,,,image,/objects/MANTRAMS_TF3_Kukrety_RC6_DHUN-G3-174_20260206.jpg,/objects/small/mantrams_tf3_kukrety_rc6_dhun-g3-174_20260206_sm.jpg,/objects/thumbs/mantrams_tf3_kukrety_rc6_dhun-g3-174_20260206_th.jpg,,,https://doi.org/10.57754/FDAT.ghg0b-e6k30,
dhun-g3-175,dhun-g3,,Piyush Kukrety; Borayin Larios; Kanika Pruthi ,,,,,,,,,,,,,,image,/objects/MANTRAMS_TF3_Kukrety_RC6_DHUN-G3-175_20250811.jpg,/objects/small/mantrams_tf3_kukrety_rc6_dhun-g3-175_20250811_sm.jpg,/objects/thumbs/mantrams_tf3_kukrety_rc6_dhun-g3-175_20250811_th.jpg,,,https://doi.org/10.57754/FDAT.ghg0b-e6k30,
dhun-g3-176,dhun-g3,,Piyush Kukrety; Borayin Larios; Kanika Pruthi ,,,,,,,,,,,,,,image,/objects/MANTRAMS_TF3_Kukrety_RC6_DHUN-G3-176_20250810.jpg,/objects/small/mantrams_tf3_kukrety_rc6_dhun-g3-176_20250810_sm.jpg,/objects/thumbs/mantrams_tf3_kukrety_rc6_dhun-g3-176_20250810_th.jpg,,,https://doi.org/10.57754/FDAT.ghg0b-e6k30,
dhun-g3-177,dhun-g3,,Piyush Kukrety; Borayin Larios; Kanika Pruthi ,,,,,,,,,,,,,,image,/objects/MANTRAMS_TF3_Kukrety_RC6_DHUN-G3-177_20250810.jpg,/objects/small/mantrams_tf3_kukrety_rc6_dhun-g3-177_20250810_sm.jpg,/objects/thumbs/mantrams_tf3_kukrety_rc6_dhun-g3-177_20250810_th.jpg,,,https://doi.org/10.57754/FDAT.ghg0b-e6k30,
dhun-g3-178,dhun-g3,,Piyush Kukrety; Borayin Larios; Kanika Pruthi ,,,,,,,,,,,,,,image,/objects/MANTRAMS_TF3_Kukrety_RC6_DHUN-G3-178_20260507.jpg,/objects/small/mantrams_tf3_kukrety_rc6_dhun-g3-178_20260507_sm.jpg,/objects/thumbs/mantrams_tf3_kukrety_rc6_dhun-g3-178_20260507_th.jpg,,,https://doi.org/10.57754/FDAT.ghg0b-e6k30,
dhun-g3-179,dhun-g3,,Piyush Kukrety; Borayin Larios; Kanika Pruthi ,,,,,,,,,,,,,,image,/objects/MANTRAMS_TF3_Kukrety_RC6_DHUN-G3-179_20250813.jpg,/objects/small/mantrams_tf3_kukrety_rc6_dhun-g3-179_20250813_sm.jpg,/objects/thumbs/mantrams_tf3_kukrety_rc6_dhun-g3-179_20250813_th.jpg,,,https://doi.org/10.57754/FDAT.ghg0b-e6k30,
dhun-g3-180,dhun-g3,,Piyush Kukrety; Borayin Larios; Kanika Pruthi ,,,,,,,,,,,,,,image,/objects/MANTRAMS_TF3_Kukrety_RC6_DHUN-G3-180_20260205.jpg,/objects/small/mantrams_tf3_kukrety_rc6_dhun-g3-180_20260205_sm.jpg,/objects/thumbs/mantrams_tf3_kukrety_rc6_dhun-g3-180_20260205_th.jpg,,,https://doi.org/10.57754/FDAT.ghg0b-e6k30,
dhun-g4,,Tulsidas: Materialising the Name (DHUN Gallery 4),Piyush Kukrety; Borayin Larios; Kanika Pruthi ,2025-2026,"Likhit jāp transforms the repetition of the divine name into a multisensory and bodily practice. Through the continuous act of writing, the name accumulates across notebooks, loose pages, temple archives, and domestic spaces, turning script into devotion. Contains tiles, stone temple, paper malas, handwritten booklets, temple walls made out of stone, engravings, books, leaflets, shelves with bundles, signs, fingers/human hand, house/courtyard, cloths, drawing, tree, orange colour, man from behind, prayer chain, frame, iron gate, walls with coloured writing, flower, small sculptures, shelf, stamp.",dhun; digital essay; tiles; stone temple; engravings; books; leaflets; fingers/human hand; textile; drawing,"Varanasi, Uttar Pradesh, India ",25.19,82.59,,,,,,,https://creativecommons.org/licenses/by/4.0/,compound_object ,,,/objects/thumbs/mantrams_tf3_larios_rc6_dhun-g4-013_20250819_th.jpg,,"राम -नाम, जय श्री राम, श्री राम, राम, राधे-राम Rām-nām, Jay Śrī Rām, Śrī Rām, Rām, Rādhe-Rām, Raam-naam, jay shrii raam, shrii raam, raam, raadhe-raam. (Scriptures in different scripts, mainly Devanagari. Handwritten, printed fonts and  engraved. Some inscriptions are ellegible/partially visble.)",https://doi.org/10.57754/FDAT.ghg0b-e6k30,dhun
dhun-g4-001,dhun-g4,,Piyush Kukrety; Borayin Larios; Kanika Pruthi ,,,,,,,,,,,,,,image,/objects/MANTRAMS_TF3_Larios_RC6_DHUN-G4-001_20250808.jpg,/objects/small/mantrams_tf3_larios_rc6_dhun-g4-001_20250808_sm.jpg,/objects/thumbs/mantrams_tf3_larios_rc6_dhun-g4-001_20250808_th.jpg,,,https://doi.org/10.57754/FDAT.ghg0b-e6k30,
dhun-g4-002,dhun-g4,,Piyush Kukrety; Borayin Larios; Kanika Pruthi ,,,,,,,,,,,,,,image,/objects/MANTRAMS_TF3_Larios_RC6_DHUN-G4-002_20250808.jpg,/objects/small/mantrams_tf3_larios_rc6_dhun-g4-002_20250808_sm.jpg,/objects/thumbs/mantrams_tf3_larios_rc6_dhun-g4-002_20250808_th.jpg,,,https://doi.org/10.57754/FDAT.ghg0b-e6k30,
dhun-g4-003,dhun-g4,,Piyush Kukrety; Borayin Larios; Kanika Pruthi ,,,,,,,,,,,,,,image,/objects/MANTRAMS_TF3_Larios_RC6_DHUN-G4-003_20250808.jpg,/objects/small/mantrams_tf3_larios_rc6_dhun-g4-003_20250808_sm.jpg,/objects/thumbs/mantrams_tf3_larios_rc6_dhun-g4-003_20250808_th.jpg,,,https://doi.org/10.57754/FDAT.ghg0b-e6k30,
dhun-g4-004,dhun-g4,,Piyush Kukrety; Borayin Larios; Kanika Pruthi ,,,,,,,,,,,,,,image,/objects/MANTRAMS_TF3_Larios_RC6_DHUN-G4-004_20250808.jpeg,/objects/small/mantrams_tf3_larios_rc6_dhun-g4-004_20250808_sm.jpg,/objects/thumbs/mantrams_tf3_larios_rc6_dhun-g4-004_20250808_th.jpg,,,https://doi.org/10.57754/FDAT.ghg0b-e6k30,
dhun-g4-005,dhun-g4,,Piyush Kukrety; Borayin Larios; Kanika Pruthi ,,,,,,,,,,,,,,image,/objects/MANTRAMS_TF3_Larios_RC6_DHUN-G4-005_20250810.jpg,/objects/small/mantrams_tf3_larios_rc6_dhun-g4-005_20250810_sm.jpg,/objects/thumbs/mantrams_tf3_larios_rc6_dhun-g4-005_20250810_th.jpg,,,https://doi.org/10.57754/FDAT.ghg0b-e6k30,
dhun-g4-006,dhun-g4,,Piyush Kukrety; Borayin Larios; Kanika Pruthi ,,,,,,,,,,,,,,image,/objects/MANTRAMS_TF3_Larios_RC6_DHUN-G4-006_20250810.jpg,/objects/small/mantrams_tf3_larios_rc6_dhun-g4-006_20250810_sm.jpg,/objects/thumbs/mantrams_tf3_larios_rc6_dhun-g4-006_20250810_th.jpg,,,https://doi.org/10.57754/FDAT.ghg0b-e6k30,
dhun-g4-007,dhun-g4,,Piyush Kukrety; Borayin Larios; Kanika Pruthi ,,,,,,,,,,,,,,image,/objects/MANTRAMS_TF3_Larios_RC6_DHUN-G4-007_20250810.jpg,/objects/small/mantrams_tf3_larios_rc6_dhun-g4-007_20250810_sm.jpg,/objects/thumbs/mantrams_tf3_larios_rc6_dhun-g4-007_20250810_th.jpg,,,https://doi.org/10.57754/FDAT.ghg0b-e6k30,
dhun-g4-008,dhun-g4,,Piyush Kukrety; Borayin Larios; Kanika Pruthi ,,,,,,,,,,,,,,image,/objects/MANTRAMS_TF3_Larios_RC6_DHUN-G4-008_20250810.jpg,/objects/small/mantrams_tf3_larios_rc6_dhun-g4-008_20250810_sm.jpg,/objects/thumbs/mantrams_tf3_larios_rc6_dhun-g4-008_20250810_th.jpg,,,https://doi.org/10.57754/FDAT.ghg0b-e6k30,
dhun-g4-009,dhun-g4,,Piyush Kukrety; Borayin Larios; Kanika Pruthi ,,,,,,,,,,,,,,image,/objects/MANTRAMS_TF3_Larios_RC6_DHUN-G4-009_20250810.jpg,/objects/small/mantrams_tf3_larios_rc6_dhun-g4-009_20250810_sm.jpg,/objects/thumbs/mantrams_tf3_larios_rc6_dhun-g4-009_20250810_th.jpg,,,https://doi.org/10.57754/FDAT.ghg0b-e6k30,
dhun-g4-010,dhun-g4,,Piyush Kukrety; Borayin Larios; Kanika Pruthi ,,,,,,,,,,,,,,image,/objects/MANTRAMS_TF3_Larios_RC6_DHUN-G4-010_20250811.jpg,/objects/small/mantrams_tf3_larios_rc6_dhun-g4-010_20250811_sm.jpg,/objects/thumbs/mantrams_tf3_larios_rc6_dhun-g4-010_20250811_th.jpg,,,https://doi.org/10.57754/FDAT.ghg0b-e6k30,
dhun-g4-011,dhun-g4,,Piyush Kukrety; Borayin Larios; Kanika Pruthi ,,,,,,,,,,,,,,image,/objects/MANTRAMS_TF3_Larios_RC6_DHUN-G4-011_20250811.jpg,/objects/small/mantrams_tf3_larios_rc6_dhun-g4-011_20250811_sm.jpg,/objects/thumbs/mantrams_tf3_larios_rc6_dhun-g4-011_20250811_th.jpg,,,https://doi.org/10.57754/FDAT.ghg0b-e6k30,
dhun-g4-012,dhun-g4,,Piyush Kukrety; Borayin Larios; Kanika Pruthi ,,,,,,,,,,,,,,image,/objects/MANTRAMS_TF3_Larios_RC6_DHUN-G4-012_20250814.jpg,/objects/small/mantrams_tf3_larios_rc6_dhun-g4-012_20250814_sm.jpg,/objects/thumbs/mantrams_tf3_larios_rc6_dhun-g4-012_20250814_th.jpg,,,https://doi.org/10.57754/FDAT.ghg0b-e6k30,
dhun-g4-013,dhun-g4,,Piyush Kukrety; Borayin Larios; Kanika Pruthi ,,,,,,,,,,,,,,image,/objects/MANTRAMS_TF3_Larios_RC6_DHUN-G4-013_20250819.jpg,/objects/small/mantrams_tf3_larios_rc6_dhun-g4-013_20250819_sm.jpg,/objects/thumbs/mantrams_tf3_larios_rc6_dhun-g4-013_20250819_th.jpg,,,https://doi.org/10.57754/FDAT.ghg0b-e6k30,
dhun-g4-014,dhun-g4,,Piyush Kukrety; Borayin Larios; Kanika Pruthi ,,,,,,,,,,,,,,image,/objects/MANTRAMS_TF3_Larios_RC6_DHUN-G4-014_20250819.jpg,/objects/small/mantrams_tf3_larios_rc6_dhun-g4-014_20250819_sm.jpg,/objects/thumbs/mantrams_tf3_larios_rc6_dhun-g4-014_20250819_th.jpg,,,https://doi.org/10.57754/FDAT.ghg0b-e6k30,
dhun-g4-015,dhun-g4,,Piyush Kukrety; Borayin Larios; Kanika Pruthi ,,,,,,,,,,,,,,image,/objects/MANTRAMS_TF3_Larios_RC6_DHUN-G4-015_20250819.jpg,/objects/small/mantrams_tf3_larios_rc6_dhun-g4-015_20250819_sm.jpg,/objects/thumbs/mantrams_tf3_larios_rc6_dhun-g4-015_20250819_th.jpg,,,https://doi.org/10.57754/FDAT.ghg0b-e6k30,
dhun-g4-016,dhun-g4,,Piyush Kukrety; Borayin Larios; Kanika Pruthi ,,,,,,,,,,,,,,image,/objects/MANTRAMS_TF3_Larios_RC6_DHUN-G4-016_20250819.jpg,/objects/small/mantrams_tf3_larios_rc6_dhun-g4-016_20250819_sm.jpg,/objects/thumbs/mantrams_tf3_larios_rc6_dhun-g4-016_20250819_th.jpg,,,https://doi.org/10.57754/FDAT.ghg0b-e6k30,
dhun-g4-017,dhun-g4,,Piyush Kukrety; Borayin Larios; Kanika Pruthi ,,,,,,,,,,,,,,image,/objects/MANTRAMS_TF3_Larios_RC6_DHUN-G4-017_20250820.jpg,/objects/small/mantrams_tf3_larios_rc6_dhun-g4-017_20250820_sm.jpg,/objects/thumbs/mantrams_tf3_larios_rc6_dhun-g4-017_20250820_th.jpg,,,https://doi.org/10.57754/FDAT.ghg0b-e6k30,
dhun-g4-018,dhun-g4,,Piyush Kukrety; Borayin Larios; Kanika Pruthi ,,,,,,,,,,,,,,image,/objects/MANTRAMS_TF3_Larios_RC6_DHUN-G4-018_20260202.jpg,/objects/small/mantrams_tf3_larios_rc6_dhun-g4-018_20260202_sm.jpg,/objects/thumbs/mantrams_tf3_larios_rc6_dhun-g4-018_20260202_th.jpg,,,https://doi.org/10.57754/FDAT.ghg0b-e6k30,
dhun-g4-019,dhun-g4,,Piyush Kukrety; Borayin Larios; Kanika Pruthi ,,,,,,,,,,,,,,image,/objects/MANTRAMS_TF3_Larios_RC6_DHUN-G4-019_20260203.jpg,/objects/small/mantrams_tf3_larios_rc6_dhun-g4-019_20260203_sm.jpg,/objects/thumbs/mantrams_tf3_larios_rc6_dhun-g4-019_20260203_th.jpg,,,https://doi.org/10.57754/FDAT.ghg0b-e6k30,
dhun-g4-020,dhun-g4,,Piyush Kukrety; Borayin Larios; Kanika Pruthi ,,,,,,,,,,,,,,image,/objects/MANTRAMS_TF3_Larios_RC6_DHUN-G4-020_20260205.jpg,/objects/small/mantrams_tf3_larios_rc6_dhun-g4-020_20260205_sm.jpg,/objects/thumbs/mantrams_tf3_larios_rc6_dhun-g4-020_20260205_th.jpg,,,https://doi.org/10.57754/FDAT.ghg0b-e6k30,
dhun-g4-021,dhun-g4,,Piyush Kukrety; Borayin Larios; Kanika Pruthi ,,,,,,,,,,,,,,image,/objects/MANTRAMS_TF3_Larios_RC6_DHUN-G4-021_20260205.jpg,/objects/small/mantrams_tf3_larios_rc6_dhun-g4-021_20260205_sm.jpg,/objects/thumbs/mantrams_tf3_larios_rc6_dhun-g4-021_20260205_th.jpg,,,https://doi.org/10.57754/FDAT.ghg0b-e6k30,
dhun-g4-022,dhun-g4,,Piyush Kukrety; Borayin Larios; Kanika Pruthi ,,,,,,,,,,,,,,image,/objects/MANTRAMS_TF3_Larios_RC6_DHUN-G4-022_20260205.jpg,/objects/small/mantrams_tf3_larios_rc6_dhun-g4-022_20260205_sm.jpg,/objects/thumbs/mantrams_tf3_larios_rc6_dhun-g4-022_20260205_th.jpg,,,https://doi.org/10.57754/FDAT.ghg0b-e6k30,
dhun-g4-023,dhun-g4,,Piyush Kukrety; Borayin Larios; Kanika Pruthi ,,,,,,,,,,,,,,image,/objects/MANTRAMS_TF3_Larios_RC6_DHUN-G4-023_20260205.jpg,/objects/small/mantrams_tf3_larios_rc6_dhun-g4-023_20260205_sm.jpg,/objects/thumbs/mantrams_tf3_larios_rc6_dhun-g4-023_20260205_th.jpg,,,https://doi.org/10.57754/FDAT.ghg0b-e6k30,
dhun-g4-024,dhun-g4,,Piyush Kukrety; Borayin Larios; Kanika Pruthi ,,,,,,,,,,,,,,image,/objects/MANTRAMS_TF3_Larios_RC6_DHUN-G4-024_20260207.jpg,/objects/small/mantrams_tf3_larios_rc6_dhun-g4-024_20260207_sm.jpg,/objects/thumbs/mantrams_tf3_larios_rc6_dhun-g4-024_20260207_th.jpg,,,https://doi.org/10.57754/FDAT.ghg0b-e6k30,
dhun-g4-025,dhun-g4,,Piyush Kukrety; Borayin Larios; Kanika Pruthi ,,,,,,,,,,,,,,image,/objects/MANTRAMS_TF3_Larios_RC6_DHUN-G4-025_20260207.jpg,/objects/small/mantrams_tf3_larios_rc6_dhun-g4-025_20260207_sm.jpg,/objects/thumbs/mantrams_tf3_larios_rc6_dhun-g4-025_20260207_th.jpg,,,https://doi.org/10.57754/FDAT.ghg0b-e6k30,
dhun-g4-026,dhun-g4,,Piyush Kukrety; Borayin Larios; Kanika Pruthi ,,,,,,,,,,,,,,image,/objects/MANTRAMS_TF3_Larios_RC6_DHUN-G4-026_20260207.jpg,/objects/small/mantrams_tf3_larios_rc6_dhun-g4-026_20260207_sm.jpg,/objects/thumbs/mantrams_tf3_larios_rc6_dhun-g4-026_20260207_th.jpg,,,https://doi.org/10.57754/FDAT.ghg0b-e6k30,
dhun-g4-027,dhun-g4,,Piyush Kukrety; Borayin Larios; Kanika Pruthi ,,,,,,,,,,,,,,image,/objects/MANTRAMS_TF3_Larios_RC6_DHUN-G4-027_20260208.jpg,/objects/small/mantrams_tf3_larios_rc6_dhun-g4-027_20260208_sm.jpg,/objects/thumbs/mantrams_tf3_larios_rc6_dhun-g4-027_20260208_th.jpg,,,https://doi.org/10.57754/FDAT.ghg0b-e6k30,
dhun-g4-028,dhun-g4,,Piyush Kukrety; Borayin Larios; Kanika Pruthi ,,,,,,,,,,,,,,image,/objects/MANTRAMS_TF3_Larios_RC6_DHUN-G4-028_20260208.jpg,/objects/small/mantrams_tf3_larios_rc6_dhun-g4-028_20260208_sm.jpg,/objects/thumbs/mantrams_tf3_larios_rc6_dhun-g4-028_20260208_th.jpg,,,https://doi.org/10.57754/FDAT.ghg0b-e6k30,
dhun-g4-029,dhun-g4,,Piyush Kukrety; Borayin Larios; Kanika Pruthi ,,,,,,,,,,,,,,image,/objects/MANTRAMS_TF3_Larios_RC6_DHUN-G4-029_20260209.jpg,/objects/small/mantrams_tf3_larios_rc6_dhun-g4-029_20260209_sm.jpg,/objects/thumbs/mantrams_tf3_larios_rc6_dhun-g4-029_20260209_th.jpg,,,https://doi.org/10.57754/FDAT.ghg0b-e6k30,
dhun-g4-030,dhun-g4,,Piyush Kukrety; Borayin Larios; Kanika Pruthi ,,,,,,,,,,,,,,image,/objects/MANTRAMS_TF3_Larios_RC6_DHUN-G4-030_20260209.jpg,/objects/small/mantrams_tf3_larios_rc6_dhun-g4-030_20260209_sm.jpg,/objects/thumbs/mantrams_tf3_larios_rc6_dhun-g4-030_20260209_th.jpg,,,https://doi.org/10.57754/FDAT.ghg0b-e6k30,
dhun-g4-031,dhun-g4,,Piyush Kukrety; Borayin Larios; Kanika Pruthi ,,,,,,,,,,,,,,image,/objects/MANTRAMS_TF3_Larios_RC6_DHUN-G4-031_20260209.jpg,/objects/small/mantrams_tf3_larios_rc6_dhun-g4-031_20260209_sm.jpg,/objects/thumbs/mantrams_tf3_larios_rc6_dhun-g4-031_20260209_th.jpg,,,https://doi.org/10.57754/FDAT.ghg0b-e6k30,
dhun-g4-032,dhun-g4,,Piyush Kukrety; Borayin Larios; Kanika Pruthi ,,,,,,,,,,,,,,image,/objects/MANTRAMS_TF3_Larios_RC6_DHUN-G4-032_20260211.jpg,/objects/small/mantrams_tf3_larios_rc6_dhun-g4-032_20260211_sm.jpg,/objects/thumbs/mantrams_tf3_larios_rc6_dhun-g4-032_20260211_th.jpg,,,https://doi.org/10.57754/FDAT.ghg0b-e6k30,
dhun-g4-033,dhun-g4,,Piyush Kukrety; Borayin Larios; Kanika Pruthi ,,,,,,,,,,,,,,image,/objects/MANTRAMS_TF3_Larios_RC6_DHUN-G4-033_20260213.jpg,/objects/small/mantrams_tf3_larios_rc6_dhun-g4-033_20260213_sm.jpg,/objects/thumbs/mantrams_tf3_larios_rc6_dhun-g4-033_20260213_th.jpg,,,https://doi.org/10.57754/FDAT.ghg0b-e6k30,
dhun-g4-034,dhun-g4,,Piyush Kukrety; Borayin Larios; Kanika Pruthi ,,,,,,,,,,,,,,image,/objects/MANTRAMS_TF3_Larios_RC6_DHUN-G4-034_20260213.jpg,/objects/small/mantrams_tf3_larios_rc6_dhun-g4-034_20260213_sm.jpg,/objects/thumbs/mantrams_tf3_larios_rc6_dhun-g4-034_20260213_th.jpg,,,https://doi.org/10.57754/FDAT.ghg0b-e6k30,
dhun-g4-035,dhun-g4,,Piyush Kukrety; Borayin Larios; Kanika Pruthi ,,,,,,,,,,,,,,image,/objects/MANTRAMS_TF3_Larios_RC6_DHUN-G4-035_20260213.jpg,/objects/small/mantrams_tf3_larios_rc6_dhun-g4-035_20260213_sm.jpg,/objects/thumbs/mantrams_tf3_larios_rc6_dhun-g4-035_20260213_th.jpg,,,https://doi.org/10.57754/FDAT.ghg0b-e6k30,
dhun-g4-036,dhun-g4,,Piyush Kukrety; Borayin Larios; Kanika Pruthi ,,,,,,,,,,,,,,image,/objects/MANTRAMS_TF3_Larios_RC6_DHUN-G4-036_20260213.jpg,/objects/small/mantrams_tf3_larios_rc6_dhun-g4-036_20260213_sm.jpg,/objects/thumbs/mantrams_tf3_larios_rc6_dhun-g4-036_20260213_th.jpg,,,https://doi.org/10.57754/FDAT.ghg0b-e6k30,
dhun-g4-037,dhun-g4,,Piyush Kukrety; Borayin Larios; Kanika Pruthi ,,,,,,,,,,,,,,image,/objects/MANTRAMS_TF3_Larios_RC6_DHUN-G4-037_20260213.jpg,/objects/small/mantrams_tf3_larios_rc6_dhun-g4-037_20260213_sm.jpg,/objects/thumbs/mantrams_tf3_larios_rc6_dhun-g4-037_20260213_th.jpg,,,https://doi.org/10.57754/FDAT.ghg0b-e6k30,
dhun-g4-038,dhun-g4,,Piyush Kukrety; Borayin Larios; Kanika Pruthi ,,,,,,,,,,,,,,image,/objects/MANTRAMS_TF3_Larios_RC6_DHUN-G4-038_20260214.jpg,/objects/small/mantrams_tf3_larios_rc6_dhun-g4-038_20260214_sm.jpg,/objects/thumbs/mantrams_tf3_larios_rc6_dhun-g4-038_20260214_th.jpg,,,https://doi.org/10.57754/FDAT.ghg0b-e6k30,
dhun-g4-039,dhun-g4,,Piyush Kukrety; Borayin Larios; Kanika Pruthi ,,,,,,,,,,,,,,image,/objects/MANTRAMS_TF3_Larios_RC6_DHUN-G4-039_20260207.jpg,/objects/small/mantrams_tf3_larios_rc6_dhun-g4-039_20260207_sm.jpg,/objects/thumbs/mantrams_tf3_larios_rc6_dhun-g4-039_20260207_th.jpg,,,https://doi.org/10.57754/FDAT.ghg0b-e6k30,
dhun-g4-040,dhun-g4,,Piyush Kukrety; Borayin Larios; Kanika Pruthi ,,,,,,,,,,,,,,image,/objects/MANTRAMS_TF3_Larios_RC6_DHUN-G4-040_20260212.jpg,/objects/small/mantrams_tf3_larios_rc6_dhun-g4-040_20260212_sm.jpg,/objects/thumbs/mantrams_tf3_larios_rc6_dhun-g4-040_20260212_th.jpg,,,https://doi.org/10.57754/FDAT.ghg0b-e6k30,
dhun-g4-041,dhun-g4,,Piyush Kukrety; Borayin Larios; Kanika Pruthi ,,,,,,,,,,,,,,image,/objects/MANTRAMS_TF3_Kukrety_RC6_DHUN-G4-041_20260211.jpg,/objects/small/mantrams_tf3_kukrety_rc6_dhun-g4-041_20260211_sm.jpg,/objects/thumbs/mantrams_tf3_kukrety_rc6_dhun-g4-041_20260211_th.jpg,,,https://doi.org/10.57754/FDAT.ghg0b-e6k30,
dhun-g4-042,dhun-g4,,Piyush Kukrety; Borayin Larios; Kanika Pruthi ,,,,,,,,,,,,,,image,/objects/MANTRAMS_TF3_Kukrety_RC6_DHUN-G4-042_20250805.jpg,/objects/small/mantrams_tf3_kukrety_rc6_dhun-g4-042_20250805_sm.jpg,/objects/thumbs/mantrams_tf3_kukrety_rc6_dhun-g4-042_20250805_th.jpg,,,https://doi.org/10.57754/FDAT.ghg0b-e6k30,
dhun-g4-043,dhun-g4,,Piyush Kukrety; Borayin Larios; Kanika Pruthi ,,,,,,,,,,,,,,image,/objects/MANTRAMS_TF3_Kukrety_RC6_DHUN-G4-043_20250810.jpg,/objects/small/mantrams_tf3_kukrety_rc6_dhun-g4-043_20250810_sm.jpg,/objects/thumbs/mantrams_tf3_kukrety_rc6_dhun-g4-043_20250810_th.jpg,,,https://doi.org/10.57754/FDAT.ghg0b-e6k30,
dhun-g4-044,dhun-g4,,Piyush Kukrety; Borayin Larios; Kanika Pruthi ,,,,,,,,,,,,,,image,/objects/MANTRAMS_TF3_Kukrety_RC6_DHUN-G4-044_20260507.jpg,/objects/small/mantrams_tf3_kukrety_rc6_dhun-g4-044_20260507_sm.jpg,/objects/thumbs/mantrams_tf3_kukrety_rc6_dhun-g4-044_20260507_th.jpg,,,https://doi.org/10.57754/FDAT.ghg0b-e6k30,
dhun-g4-045,dhun-g4,,Piyush Kukrety; Borayin Larios; Kanika Pruthi ,,,,,,,,,,,,,,image,/objects/MANTRAMS_TF3_Kukrety_RC6_DHUN-G4-045_20250208.jpg,/objects/small/mantrams_tf3_kukrety_rc6_dhun-g4-045_20250208_sm.jpg,/objects/thumbs/mantrams_tf3_kukrety_rc6_dhun-g4-045_20250208_th.jpg,,,https://doi.org/10.57754/FDAT.ghg0b-e6k30,
dhun-g4-046,dhun-g4,,Piyush Kukrety; Borayin Larios; Kanika Pruthi ,,,,,,,,,,,,,,image,/objects/MANTRAMS_TF3_Kukrety_RC6_DHUN-G4-046_20260402.jpg,/objects/small/mantrams_tf3_kukrety_rc6_dhun-g4-046_20260402_sm.jpg,/objects/thumbs/mantrams_tf3_kukrety_rc6_dhun-g4-046_20260402_th.jpg,,,https://doi.org/10.57754/FDAT.ghg0b-e6k30,
dhun-g4-047,dhun-g4,,Piyush Kukrety; Borayin Larios; Kanika Pruthi ,,,,,,,,,,,,,,image,/objects/MANTRAMS_TF3_Kukrety_RC6_DHUN-G4-047_20250813.jpg,/objects/small/mantrams_tf3_kukrety_rc6_dhun-g4-047_20250813_sm.jpg,/objects/thumbs/mantrams_tf3_kukrety_rc6_dhun-g4-047_20250813_th.jpg,,,https://doi.org/10.57754/FDAT.ghg0b-e6k30,
dhun-g4-048,dhun-g4,,Piyush Kukrety; Borayin Larios; Kanika Pruthi ,,,,,,,,,,,,,,image,/objects/MANTRAMS_TF3_Kukrety_RC6_DHUN-G4-048_20250805.jpg,/objects/small/mantrams_tf3_kukrety_rc6_dhun-g4-048_20250805_sm.jpg,/objects/thumbs/mantrams_tf3_kukrety_rc6_dhun-g4-048_20250805_th.jpg,,,https://doi.org/10.57754/FDAT.ghg0b-e6k30,
dhun-g4-049,dhun-g4,,Piyush Kukrety; Borayin Larios; Kanika Pruthi ,,,,,,,,,,,,,,image,/objects/MANTRAMS_TF3_Kukrety_RC6_DHUN-G4-049_20250805.jpg,/objects/small/mantrams_tf3_kukrety_rc6_dhun-g4-049_20250805_sm.jpg,/objects/thumbs/mantrams_tf3_kukrety_rc6_dhun-g4-049_20250805_th.jpg,,,https://doi.org/10.57754/FDAT.ghg0b-e6k30,
dhun-g4-050,dhun-g4,,Piyush Kukrety; Borayin Larios; Kanika Pruthi ,,,,,,,,,,,,,,image,/objects/MANTRAMS_TF3_Kukrety_RC6_DHUN-G4-050_20250813.jpg,/objects/small/mantrams_tf3_kukrety_rc6_dhun-g4-050_20250813_sm.jpg,/objects/thumbs/mantrams_tf3_kukrety_rc6_dhun-g4-050_20250813_th.jpg,,,https://doi.org/10.57754/FDAT.ghg0b-e6k30,
dhun-g4-051,dhun-g4,,Piyush Kukrety; Borayin Larios; Kanika Pruthi ,,,,,,,,,,,,,,image,/objects/MANTRAMS_TF3_Kukrety_RC6_DHUN-G4-051_20250813.jpg,/objects/small/mantrams_tf3_kukrety_rc6_dhun-g4-051_20250813_sm.jpg,/objects/thumbs/mantrams_tf3_kukrety_rc6_dhun-g4-051_20250813_th.jpg,,,https://doi.org/10.57754/FDAT.ghg0b-e6k30,
dhun-g4-052,dhun-g4,,Piyush Kukrety; Borayin Larios; Kanika Pruthi ,,,,,,,,,,,,,,image,/objects/MANTRAMS_TF3_Kukrety_RC6_DHUN-G4-052_20250810.jpg,/objects/small/mantrams_tf3_kukrety_rc6_dhun-g4-052_20250810_sm.jpg,/objects/thumbs/mantrams_tf3_kukrety_rc6_dhun-g4-052_20250810_th.jpg,,,https://doi.org/10.57754/FDAT.ghg0b-e6k30,
dhun-g4-053,dhun-g4,,Piyush Kukrety; Borayin Larios; Kanika Pruthi ,,,,,,,,,,,,,,image,/objects/MANTRAMS_TF3_Kukrety_RC6_DHUN-G4-053_20250810.jpg,/objects/small/mantrams_tf3_kukrety_rc6_dhun-g4-053_20250810_sm.jpg,/objects/thumbs/mantrams_tf3_kukrety_rc6_dhun-g4-053_20250810_th.jpg,,,https://doi.org/10.57754/FDAT.ghg0b-e6k30,
dhun-g4-054,dhun-g4,,Piyush Kukrety; Borayin Larios; Kanika Pruthi ,,,,,,,,,,,,,,image,/objects/MANTRAMS_TF3_Kukrety_RC6_DHUN-G4-054_20260205.jpg,/objects/small/mantrams_tf3_kukrety_rc6_dhun-g4-054_20260205_sm.jpg,/objects/thumbs/mantrams_tf3_kukrety_rc6_dhun-g4-054_20260205_th.jpg,,,https://doi.org/10.57754/FDAT.ghg0b-e6k30,
dhun-g4-055,dhun-g4,,Piyush Kukrety; Borayin Larios; Kanika Pruthi ,,,,,,,,,,,,,,image,/objects/MANTRAMS_TF3_Kukrety_RC6_DHUN-G4-055_20260205.jpg,/objects/small/mantrams_tf3_kukrety_rc6_dhun-g4-055_20260205_sm.jpg,/objects/thumbs/mantrams_tf3_kukrety_rc6_dhun-g4-055_20260205_th.jpg,,,https://doi.org/10.57754/FDAT.ghg0b-e6k30,
dhun-g4-056,dhun-g4,,Piyush Kukrety; Borayin Larios; Kanika Pruthi ,,,,,,,,,,,,,,image,/objects/MANTRAMS_TF3_Kukrety_RC6_DHUN-G4-056_20260205.jpg,/objects/small/mantrams_tf3_kukrety_rc6_dhun-g4-056_20260205_sm.jpg,/objects/thumbs/mantrams_tf3_kukrety_rc6_dhun-g4-056_20260205_th.jpg,,,https://doi.org/10.57754/FDAT.ghg0b-e6k30,
dhun-g4-057,dhun-g4,,Piyush Kukrety; Borayin Larios; Kanika Pruthi ,,,,,,,,,,,,,,image,/objects/MANTRAMS_TF3_Kukrety_RC6_DHUN-G4-057_20260205.jpg,/objects/small/mantrams_tf3_kukrety_rc6_dhun-g4-057_20260205_sm.jpg,/objects/thumbs/mantrams_tf3_kukrety_rc6_dhun-g4-057_20260205_th.jpg,,,https://doi.org/10.57754/FDAT.ghg0b-e6k30,
dhun-g4-058,dhun-g4,,Piyush Kukrety; Borayin Larios; Kanika Pruthi ,,,,,,,,,,,,,,image,/objects/MANTRAMS_TF3_Kukrety_RC6_DHUN-G4-058_20260205.jpg,/objects/small/mantrams_tf3_kukrety_rc6_dhun-g4-058_20260205_sm.jpg,/objects/thumbs/mantrams_tf3_kukrety_rc6_dhun-g4-058_20260205_th.jpg,,,https://doi.org/10.57754/FDAT.ghg0b-e6k30,
dhun-g4-059,dhun-g4,,Piyush Kukrety; Borayin Larios; Kanika Pruthi ,,,,,,,,,,,,,,image,/objects/MANTRAMS_TF3_Kukrety_RC6_DHUN-G4-059_20260203.jpg,/objects/small/mantrams_tf3_kukrety_rc6_dhun-g4-059_20260203_sm.jpg,/objects/thumbs/mantrams_tf3_kukrety_rc6_dhun-g4-059_20260203_th.jpg,,,https://doi.org/10.57754/FDAT.ghg0b-e6k30,
dhun-g4-060,dhun-g4,,Piyush Kukrety; Borayin Larios; Kanika Pruthi ,,,,,,,,,,,,,,image,/objects/MANTRAMS_TF3_Kukrety_RC6_DHUN-G4-060_20260208.jpg,/objects/small/mantrams_tf3_kukrety_rc6_dhun-g4-060_20260208_sm.jpg,/objects/thumbs/mantrams_tf3_kukrety_rc6_dhun-g4-060_20260208_th.jpg,,,https://doi.org/10.57754/FDAT.ghg0b-e6k30,
dhun-g4-061,dhun-g4,,Piyush Kukrety; Borayin Larios; Kanika Pruthi ,,,,,,,,,,,,,,image,/objects/MANTRAMS_TF3_Kukrety_RC6_DHUN-G4-061_20260402.jpg,/objects/small/mantrams_tf3_kukrety_rc6_dhun-g4-061_20260402_sm.jpg,/objects/thumbs/mantrams_tf3_kukrety_rc6_dhun-g4-061_20260402_th.jpg,,,https://doi.org/10.57754/FDAT.ghg0b-e6k30,
dhun-g4-062,dhun-g4,,Piyush Kukrety; Borayin Larios; Kanika Pruthi ,,,,,,,,,,,,,,image,/objects/MANTRAMS_TF3_Kukrety_RC6_DHUN-G4-062_20260402.jpg,/objects/small/mantrams_tf3_kukrety_rc6_dhun-g4-062_20260402_sm.jpg,/objects/thumbs/mantrams_tf3_kukrety_rc6_dhun-g4-062_20260402_th.jpg,,,https://doi.org/10.57754/FDAT.ghg0b-e6k30,
dhun-g4-063,dhun-g4,,Piyush Kukrety; Borayin Larios; Kanika Pruthi ,,,,,,,,,,,,,,image,/objects/MANTRAMS_TF3_Kukrety_RC6_DHUN-G4-063_20260402.jpg,/objects/small/mantrams_tf3_kukrety_rc6_dhun-g4-063_20260402_sm.jpg,/objects/thumbs/mantrams_tf3_kukrety_rc6_dhun-g4-063_20260402_th.jpg,,,https://doi.org/10.57754/FDAT.ghg0b-e6k30,
dhun-g4-064,dhun-g4,,Piyush Kukrety; Borayin Larios; Kanika Pruthi ,,,,,,,,,,,,,,image,/objects/MANTRAMS_TF3_Larios_RC6_DHUN-G4-064_20260428.jpg,/objects/small/mantrams_tf3_larios_rc6_dhun-g4-064_20260428_sm.jpg,/objects/thumbs/mantrams_tf3_larios_rc6_dhun-g4-064_20260428_th.jpg,,,https://doi.org/10.57754/FDAT.ghg0b-e6k30,
dhun-g4-065,dhun-g4,,Piyush Kukrety; Borayin Larios; Kanika Pruthi ,,,,,,,,,,,,,,image,/objects/MANTRAMS_TF3_Larios_RC6_DHUN-G4-065_20250819.jpg,/objects/small/mantrams_tf3_larios_rc6_dhun-g4-065_20250819_sm.jpg,/objects/thumbs/mantrams_tf3_larios_rc6_dhun-g4-065_20250819_th.jpg,,,https://doi.org/10.57754/FDAT.ghg0b-e6k30,
dhun-g4-066,dhun-g4,,Piyush Kukrety; Borayin Larios; Kanika Pruthi ,,,,,,,,,,,,,,video,/objects/MANTRAMS_TF3_Larios_RC6_DHUN-G4-066_20250819.mp4,,,,,https://doi.org/10.57754/FDAT.ghg0b-e6k30,
dhun-g5,,Kabīr: The Name without Form (DHUN Gallery 5),Piyush Kukrety; Borayin Larios; Kanika Pruthi ,2026,"The figure and name of Rām have never belonged to a single form, theology, or tradition. In the bhakti movements of North India, poets such as Kabir reworked Rām beyond the boundaries of orthodox devotion, transforming the name into a critique of ritual hierarchy, caste, and religious division. This reconfiguration of Rām opened pathways for other devotional and poetic traditions. Across these traditions, the divine name circulated less as a singular image and more as a shared vocabulary of spiritual intimacy, social critique, and ethical life. The repetition of the name became a practice through which alternative religious communities imagined belonging outside dominant structures of authority.  Contains sign board, stone, wall paintings, stone gate, electrical billboard, shrine with flower, frame, light bulb, top of a stone structure, stairs at the ghāṭ, orange cloth,  sculpture and stone hand, tree, flower chain/garland, post cards and flyers with images, tray with tea, green carpet, wooden encarved and wooden relief shrine, orange rope tied around a stick, red encarving, wooden ceiling with ventilator.",dhun; digital essay; wall painting; textile; tree; flower garland; post card,"Varanasi, Uttar Pradesh, India ",25.19,82.59,,,,,,,https://creativecommons.org/licenses/by/4.0/,compound_object ,,,/objects/thumbs/mantrams_tf3_larios_rc6_dhun-g5-010_20260204_th.jpg,,"राम -नाम, जय श्री राम, श्री राम, राम, राधे-राम Rām-nām, Jay Śrī Rām, Śrī Rām, Rām, Rādhe-Rām, Raam-naam, jay shrii raam, shrii raam, raam, raadhe-raam. (Scriptures in different scripts, mainly Devanagari. Handwritten, printed fonts and  engraved. Some inscriptions are ellegible/partially visble.)",https://doi.org/10.57754/FDAT.ghg0b-e6k30,dhun
dhun-g5-001,dhun-g5,,Piyush Kukrety; Borayin Larios; Kanika Pruthi ,,,,,,,,,,,,,,image,/objects/MANTRAMS_TF3_Larios_RC6_DHUN-G5-001_20250816.jpg,/objects/small/mantrams_tf3_larios_rc6_dhun-g5-001_20250816_sm.jpg,/objects/thumbs/mantrams_tf3_larios_rc6_dhun-g5-001_20250816_th.jpg,,,https://doi.org/10.57754/FDAT.ghg0b-e6k30,
dhun-g5-002,dhun-g5,,Piyush Kukrety; Borayin Larios; Kanika Pruthi ,,,,,,,,,,,,,,image,/objects/MANTRAMS_TF3_Larios_RC6_DHUN-G5-002_20260125.jpg,/objects/small/mantrams_tf3_larios_rc6_dhun-g5-002_20260125_sm.jpg,/objects/thumbs/mantrams_tf3_larios_rc6_dhun-g5-002_20260125_th.jpg,,,https://doi.org/10.57754/FDAT.ghg0b-e6k30,
dhun-g5-003,dhun-g5,,Piyush Kukrety; Borayin Larios; Kanika Pruthi ,,,,,,,,,,,,,,image,/objects/MANTRAMS_TF3_Larios_RC6_DHUN-G5-003_20260202.jpg,/objects/small/mantrams_tf3_larios_rc6_dhun-g5-003_20260202_sm.jpg,/objects/thumbs/mantrams_tf3_larios_rc6_dhun-g5-003_20260202_th.jpg,,,https://doi.org/10.57754/FDAT.ghg0b-e6k30,
dhun-g5-004,dhun-g5,,Piyush Kukrety; Borayin Larios; Kanika Pruthi ,,,,,,,,,,,,,,image,/objects/MANTRAMS_TF3_Larios_RC6_DHUN-G5-004_20260202.jpg,/objects/small/mantrams_tf3_larios_rc6_dhun-g5-004_20260202_sm.jpg,/objects/thumbs/mantrams_tf3_larios_rc6_dhun-g5-004_20260202_th.jpg,,,https://doi.org/10.57754/FDAT.ghg0b-e6k30,
dhun-g5-005,dhun-g5,,Piyush Kukrety; Borayin Larios; Kanika Pruthi ,,,,,,,,,,,,,,image,/objects/MANTRAMS_TF3_Larios_RC6_DHUN-G5-005_20260202.jpg,/objects/small/mantrams_tf3_larios_rc6_dhun-g5-005_20260202_sm.jpg,/objects/thumbs/mantrams_tf3_larios_rc6_dhun-g5-005_20260202_th.jpg,,,https://doi.org/10.57754/FDAT.ghg0b-e6k30,
dhun-g5-006,dhun-g5,,Piyush Kukrety; Borayin Larios; Kanika Pruthi ,,,,,,,,,,,,,,image,/objects/MANTRAMS_TF3_Larios_RC6_DHUN-G5-006_20260204.jpg,/objects/small/mantrams_tf3_larios_rc6_dhun-g5-006_20260204_sm.jpg,/objects/thumbs/mantrams_tf3_larios_rc6_dhun-g5-006_20260204_th.jpg,,,https://doi.org/10.57754/FDAT.ghg0b-e6k30,
dhun-g5-007,dhun-g5,,Piyush Kukrety; Borayin Larios; Kanika Pruthi ,,,,,,,,,,,,,,image,/objects/MANTRAMS_TF3_Larios_RC6_DHUN-G5-007_20260204.jpg,/objects/small/mantrams_tf3_larios_rc6_dhun-g5-007_20260204_sm.jpg,/objects/thumbs/mantrams_tf3_larios_rc6_dhun-g5-007_20260204_th.jpg,,,https://doi.org/10.57754/FDAT.ghg0b-e6k30,
dhun-g5-008,dhun-g5,,Piyush Kukrety; Borayin Larios; Kanika Pruthi ,,,,,,,,,,,,,,image,/objects/MANTRAMS_TF3_Larios_RC6_DHUN-G5-008_20260204.jpg,/objects/small/mantrams_tf3_larios_rc6_dhun-g5-008_20260204_sm.jpg,/objects/thumbs/mantrams_tf3_larios_rc6_dhun-g5-008_20260204_th.jpg,,,https://doi.org/10.57754/FDAT.ghg0b-e6k30,
dhun-g5-009,dhun-g5,,Piyush Kukrety; Borayin Larios; Kanika Pruthi ,,,,,,,,,,,,,,image,/objects/MANTRAMS_TF3_Larios_RC6_DHUN-G5-009_20260204.jpg,/objects/small/mantrams_tf3_larios_rc6_dhun-g5-009_20260204_sm.jpg,/objects/thumbs/mantrams_tf3_larios_rc6_dhun-g5-009_20260204_th.jpg,,,https://doi.org/10.57754/FDAT.ghg0b-e6k30,
dhun-g5-010,dhun-g5,,Piyush Kukrety; Borayin Larios; Kanika Pruthi ,,,,,,,,,,,,,,image,/objects/MANTRAMS_TF3_Larios_RC6_DHUN-G5-010_20260204.jpg,/objects/small/mantrams_tf3_larios_rc6_dhun-g5-010_20260204_sm.jpg,/objects/thumbs/mantrams_tf3_larios_rc6_dhun-g5-010_20260204_th.jpg,,,https://doi.org/10.57754/FDAT.ghg0b-e6k30,
dhun-g5-011,dhun-g5,,Piyush Kukrety; Borayin Larios; Kanika Pruthi ,,,,,,,,,,,,,,image,/objects/MANTRAMS_TF3_Larios_RC6_DHUN-G5-011_20260204.jpg,/objects/small/mantrams_tf3_larios_rc6_dhun-g5-011_20260204_sm.jpg,/objects/thumbs/mantrams_tf3_larios_rc6_dhun-g5-011_20260204_th.jpg,,,https://doi.org/10.57754/FDAT.ghg0b-e6k30,
dhun-g5-012,dhun-g5,,Piyush Kukrety; Borayin Larios; Kanika Pruthi ,,,,,,,,,,,,,,image,/objects/MANTRAMS_TF3_Larios_RC6_DHUN-G5-012_20260204.jpg,/objects/small/mantrams_tf3_larios_rc6_dhun-g5-012_20260204_sm.jpg,/objects/thumbs/mantrams_tf3_larios_rc6_dhun-g5-012_20260204_th.jpg,,,https://doi.org/10.57754/FDAT.ghg0b-e6k30,
dhun-g5-013,dhun-g5,,Piyush Kukrety; Borayin Larios; Kanika Pruthi ,,,,,,,,,,,,,,image,/objects/MANTRAMS_TF3_Larios_RC6_DHUN-G5-013_20260204.jpg,/objects/small/mantrams_tf3_larios_rc6_dhun-g5-013_20260204_sm.jpg,/objects/thumbs/mantrams_tf3_larios_rc6_dhun-g5-013_20260204_th.jpg,,,https://doi.org/10.57754/FDAT.ghg0b-e6k30,
dhun-g5-014,dhun-g5,,Piyush Kukrety; Borayin Larios; Kanika Pruthi ,,,,,,,,,,,,,,image,/objects/MANTRAMS_TF3_Larios_RC6_DHUN-G5-014_20260204.jpg,/objects/small/mantrams_tf3_larios_rc6_dhun-g5-014_20260204_sm.jpg,/objects/thumbs/mantrams_tf3_larios_rc6_dhun-g5-014_20260204_th.jpg,,,https://doi.org/10.57754/FDAT.ghg0b-e6k30,
dhun-g5-015,dhun-g5,,Piyush Kukrety; Borayin Larios; Kanika Pruthi ,,,,,,,,,,,,,,image,/objects/MANTRAMS_TF3_Larios_RC6_DHUN-G5-015_20260209.jpg,/objects/small/mantrams_tf3_larios_rc6_dhun-g5-015_20260209_sm.jpg,/objects/thumbs/mantrams_tf3_larios_rc6_dhun-g5-015_20260209_th.jpg,,,https://doi.org/10.57754/FDAT.ghg0b-e6k30,
dhun-g5-016,dhun-g5,,Piyush Kukrety; Borayin Larios; Kanika Pruthi ,,,,,,,,,,,,,,image,/objects/MANTRAMS_TF3_Larios_RC6_DHUN-G5-016_20260209.jpg,/objects/small/mantrams_tf3_larios_rc6_dhun-g5-016_20260209_sm.jpg,/objects/thumbs/mantrams_tf3_larios_rc6_dhun-g5-016_20260209_th.jpg,,,https://doi.org/10.57754/FDAT.ghg0b-e6k30,
dhun-g5-017,dhun-g5,,Piyush Kukrety; Borayin Larios; Kanika Pruthi ,,,,,,,,,,,,,,image,/objects/MANTRAMS_TF3_Larios_RC6_DHUN-G5-017_20260209.jpg,/objects/small/mantrams_tf3_larios_rc6_dhun-g5-017_20260209_sm.jpg,/objects/thumbs/mantrams_tf3_larios_rc6_dhun-g5-017_20260209_th.jpg,,,https://doi.org/10.57754/FDAT.ghg0b-e6k30,
dhun-g5-018,dhun-g5,,Piyush Kukrety; Borayin Larios; Kanika Pruthi ,,,,,,,,,,,,,,image,/objects/MANTRAMS_TF3_Larios_RC6_DHUN-G5-018_20260210.jpg,/objects/small/mantrams_tf3_larios_rc6_dhun-g5-018_20260210_sm.jpg,/objects/thumbs/mantrams_tf3_larios_rc6_dhun-g5-018_20260210_th.jpg,,,https://doi.org/10.57754/FDAT.ghg0b-e6k30,
dhun-g5-019,dhun-g5,,Piyush Kukrety; Borayin Larios; Kanika Pruthi ,,,,,,,,,,,,,,image,/objects/MANTRAMS_TF3_Larios_RC6_DHUN-G5-019_20260210.jpg,/objects/small/mantrams_tf3_larios_rc6_dhun-g5-019_20260210_sm.jpg,/objects/thumbs/mantrams_tf3_larios_rc6_dhun-g5-019_20260210_th.jpg,,,https://doi.org/10.57754/FDAT.ghg0b-e6k30,
dhun-g5-020,dhun-g5,,Piyush Kukrety; Borayin Larios; Kanika Pruthi ,,,,,,,,,,,,,,image,/objects/MANTRAMS_TF3_Larios_RC6_DHUN-G5-020_20260202.jpg,/objects/small/mantrams_tf3_larios_rc6_dhun-g5-020_20260202_sm.jpg,/objects/thumbs/mantrams_tf3_larios_rc6_dhun-g5-020_20260202_th.jpg,,,https://doi.org/10.57754/FDAT.ghg0b-e6k30,
dhun-g5-021,dhun-g5,,Piyush Kukrety; Borayin Larios; Kanika Pruthi ,,,,,,,,,,,,,,image,/objects/MANTRAMS_TF3_Larios_RC6_DHUN-G5-021_20231208.JPG,/objects/small/mantrams_tf3_larios_rc6_dhun-g5-021_20231208_sm.jpg,/objects/thumbs/mantrams_tf3_larios_rc6_dhun-g5-021_20231208_th.jpg,,,https://doi.org/10.57754/FDAT.ghg0b-e6k30,
dhun-g5-022,dhun-g5,,Piyush Kukrety; Borayin Larios; Kanika Pruthi ,,,,,,,,,,,,,,image,/objects/MANTRAMS_TF3_Larios_RC6_DHUN-G5-022_20260125.jpg,/objects/small/mantrams_tf3_larios_rc6_dhun-g5-022_20260125_sm.jpg,/objects/thumbs/mantrams_tf3_larios_rc6_dhun-g5-022_20260125_th.jpg,,,https://doi.org/10.57754/FDAT.ghg0b-e6k30,
dhun-g5-023,dhun-g5,,Piyush Kukrety; Borayin Larios; Kanika Pruthi ,,,,,,,,,,,,,,image,/objects/MANTRAMS_TF3_Larios_RC6_DHUN-G5-023_20260202.jpg,/objects/small/mantrams_tf3_larios_rc6_dhun-g5-023_20260202_sm.jpg,/objects/thumbs/mantrams_tf3_larios_rc6_dhun-g5-023_20260202_th.jpg,,,https://doi.org/10.57754/FDAT.ghg0b-e6k30,
dhun-g5-024,dhun-g5,,Piyush Kukrety; Borayin Larios; Kanika Pruthi ,,,,,,,,,,,,,,image,/objects/MANTRAMS_TF3_Larios_RC6_DHUN-G5-024_20260202.jpg,/objects/small/mantrams_tf3_larios_rc6_dhun-g5-024_20260202_sm.jpg,/objects/thumbs/mantrams_tf3_larios_rc6_dhun-g5-024_20260202_th.jpg,,,https://doi.org/10.57754/FDAT.ghg0b-e6k30,
dhun-g5-025,dhun-g5,,Piyush Kukrety; Borayin Larios; Kanika Pruthi ,,,,,,,,,,,,,,image,/objects/MANTRAMS_TF3_Larios_RC6_DHUN-G5-025_20260212.jpg,/objects/small/mantrams_tf3_larios_rc6_dhun-g5-025_20260212_sm.jpg,/objects/thumbs/mantrams_tf3_larios_rc6_dhun-g5-025_20260212_th.jpg,,,https://doi.org/10.57754/FDAT.ghg0b-e6k30,
dhun-g5-026,dhun-g5,,Piyush Kukrety; Borayin Larios; Kanika Pruthi ,,,,,,,,,,,,,,image,/objects/MANTRAMS_TF3_Larios_RC6_DHUN-G5-026_20260207.jpg,/objects/small/mantrams_tf3_larios_rc6_dhun-g5-026_20260207_sm.jpg,/objects/thumbs/mantrams_tf3_larios_rc6_dhun-g5-026_20260207_th.jpg,,,https://doi.org/10.57754/FDAT.ghg0b-e6k30,
dhun-g5-027,dhun-g5,,Piyush Kukrety; Borayin Larios; Kanika Pruthi ,,,,,,,,,,,,,,image,/objects/MANTRAMS_TF3_Larios_RC6_DHUN-G5-027_20260211.jpg,/objects/small/mantrams_tf3_larios_rc6_dhun-g5-027_20260211_sm.jpg,/objects/thumbs/mantrams_tf3_larios_rc6_dhun-g5-027_20260211_th.jpg,,,https://doi.org/10.57754/FDAT.ghg0b-e6k30,
dhun-g5-028,dhun-g5,,Piyush Kukrety; Borayin Larios; Kanika Pruthi ,,,,,,,,,,,,,,image,/objects/MANTRAMS_TF3_Larios_RC6_DHUN-G5-028_20260208.jpg,/objects/small/mantrams_tf3_larios_rc6_dhun-g5-028_20260208_sm.jpg,/objects/thumbs/mantrams_tf3_larios_rc6_dhun-g5-028_20260208_th.jpg,,,https://doi.org/10.57754/FDAT.ghg0b-e6k30,
dhun-g5-029,dhun-g5,,Piyush Kukrety; Borayin Larios; Kanika Pruthi ,,,,,,,,,,,,,,image,/objects/MANTRAMS_TF3_Larios_RC6_DHUN-G5-029_20260208.jpg,/objects/small/mantrams_tf3_larios_rc6_dhun-g5-029_20260208_sm.jpg,/objects/thumbs/mantrams_tf3_larios_rc6_dhun-g5-029_20260208_th.jpg,,,https://doi.org/10.57754/FDAT.ghg0b-e6k30,
dhun-g5-030,dhun-g5,,Piyush Kukrety; Borayin Larios; Kanika Pruthi ,,,,,,,,,,,,,,image,/objects/MANTRAMS_TF3_Kukrety_RC6_DHUN-G5-030_20260204.jpg,/objects/small/mantrams_tf3_kukrety_rc6_dhun-g5-030_20260204_sm.jpg,/objects/thumbs/mantrams_tf3_kukrety_rc6_dhun-g5-030_20260204_th.jpg,,,https://doi.org/10.57754/FDAT.ghg0b-e6k30,
dhun-g5-031,dhun-g5,,Piyush Kukrety; Borayin Larios; Kanika Pruthi ,,,,,,,,,,,,,,image,/objects/MANTRAMS_TF3_Kukrety_RC6_DHUN-G5-031_20260204.jpg,/objects/small/mantrams_tf3_kukrety_rc6_dhun-g5-031_20260204_sm.jpg,/objects/thumbs/mantrams_tf3_kukrety_rc6_dhun-g5-031_20260204_th.jpg,,,https://doi.org/10.57754/FDAT.ghg0b-e6k30,
dhun-g5-032,dhun-g5,,Piyush Kukrety; Borayin Larios; Kanika Pruthi ,,,,,,,,,,,,,,image,/objects/MANTRAMS_TF3_Kukrety_RC6_DHUN-G5-032_20250813.jpg,/objects/small/mantrams_tf3_kukrety_rc6_dhun-g5-032_20250813_sm.jpg,/objects/thumbs/mantrams_tf3_kukrety_rc6_dhun-g5-032_20250813_th.jpg,,,https://doi.org/10.57754/FDAT.ghg0b-e6k30,
dhun-g5-033,dhun-g5,,Piyush Kukrety; Borayin Larios; Kanika Pruthi ,,,,,,,,,,,,,,image,/objects/MANTRAMS_TF3_Larios_RC6_DHUN-G5-033_20260213.jpg,/objects/small/mantrams_tf3_larios_rc6_dhun-g5-033_20260213_sm.jpg,/objects/thumbs/mantrams_tf3_larios_rc6_dhun-g5-033_20260213_th.jpg,,,https://doi.org/10.57754/FDAT.ghg0b-e6k30,
dhun-g5-034,dhun-g5,,Piyush Kukrety; Borayin Larios; Kanika Pruthi ,,,,,,,,,,,,,,image,/objects/MANTRAMS_TF3_Larios_RC6_DHUN-G5-034_20260125.jpg,/objects/small/mantrams_tf3_larios_rc6_dhun-g5-034_20260125_sm.jpg,/objects/thumbs/mantrams_tf3_larios_rc6_dhun-g5-034_20260125_th.jpg,,,https://doi.org/10.57754/FDAT.ghg0b-e6k30,
dhun-g5-035,dhun-g5,,Piyush Kukrety; Borayin Larios; Kanika Pruthi ,,,,,,,,,,,,,,image,/objects/MANTRAMS_TF3_Larios_RC6_DHUN-G5-035_20260202.jpg,/objects/small/mantrams_tf3_larios_rc6_dhun-g5-035_20260202_sm.jpg,/objects/thumbs/mantrams_tf3_larios_rc6_dhun-g5-035_20260202_th.jpg,,,https://doi.org/10.57754/FDAT.ghg0b-e6k30,
dhun-g5-036,dhun-g5,,Piyush Kukrety; Borayin Larios; Kanika Pruthi ,,,,,,,,,,,,,,image,/objects/MANTRAMS_TF3_Larios_RC6_DHUN-G5-036_20260202.jpg,/objects/small/mantrams_tf3_larios_rc6_dhun-g5-036_20260202_sm.jpg,/objects/thumbs/mantrams_tf3_larios_rc6_dhun-g5-036_20260202_th.jpg,,,https://doi.org/10.57754/FDAT.ghg0b-e6k30,
dhun-g5-037,dhun-g5,,Piyush Kukrety; Borayin Larios; Kanika Pruthi ,,,,,,,,,,,,,,image,/objects/MANTRAMS_TF3_Larios_RC6_DHUN-G5-037_20260202.jpg,/objects/small/mantrams_tf3_larios_rc6_dhun-g5-037_20260202_sm.jpg,/objects/thumbs/mantrams_tf3_larios_rc6_dhun-g5-037_20260202_th.jpg,,,https://doi.org/10.57754/FDAT.ghg0b-e6k30,
dhun-g5-038,dhun-g5,,Piyush Kukrety; Borayin Larios; Kanika Pruthi ,,,,,,,,,,,,,,image,/objects/MANTRAMS_TF3_Larios_RC6_DHUN-G5-038_20260202.jpg,/objects/small/mantrams_tf3_larios_rc6_dhun-g5-038_20260202_sm.jpg,/objects/thumbs/mantrams_tf3_larios_rc6_dhun-g5-038_20260202_th.jpg,,,https://doi.org/10.57754/FDAT.ghg0b-e6k30,
dhun-g5-039,dhun-g5,,Piyush Kukrety; Borayin Larios; Kanika Pruthi ,,,,,,,,,,,,,,image,/objects/MANTRAMS_TF3_Larios_RC6_DHUN-G5-039_20260207.jpg,/objects/small/mantrams_tf3_larios_rc6_dhun-g5-039_20260207_sm.jpg,/objects/thumbs/mantrams_tf3_larios_rc6_dhun-g5-039_20260207_th.jpg,,,https://doi.org/10.57754/FDAT.ghg0b-e6k30,
dhun-g5-040,dhun-g5,,Piyush Kukrety; Borayin Larios; Kanika Pruthi ,,,,,,,,,,,,,,image,/objects/MANTRAMS_TF3_Larios_RC6_DHUN-G5-040_20260208.jpg,/objects/small/mantrams_tf3_larios_rc6_dhun-g5-040_20260208_sm.jpg,/objects/thumbs/mantrams_tf3_larios_rc6_dhun-g5-040_20260208_th.jpg,,,https://doi.org/10.57754/FDAT.ghg0b-e6k30,
dhun-g5-041,dhun-g5,,Piyush Kukrety; Borayin Larios; Kanika Pruthi ,,,,,,,,,,,,,,image,/objects/MANTRAMS_TF3_Larios_RC6_DHUN-G5-041_20260208.jpg,/objects/small/mantrams_tf3_larios_rc6_dhun-g5-041_20260208_sm.jpg,/objects/thumbs/mantrams_tf3_larios_rc6_dhun-g5-041_20260208_th.jpg,,,https://doi.org/10.57754/FDAT.ghg0b-e6k30,
dhun-g5-042,dhun-g5,,Piyush Kukrety; Borayin Larios; Kanika Pruthi ,,,,,,,,,,,,,,image,/objects/MANTRAMS_TF3_Larios_RC6_DHUN-G5-042_20260212.jpg,/objects/small/mantrams_tf3_larios_rc6_dhun-g5-042_20260212_sm.jpg,/objects/thumbs/mantrams_tf3_larios_rc6_dhun-g5-042_20260212_th.jpg,,,https://doi.org/10.57754/FDAT.ghg0b-e6k30,
dhun-g5-043,dhun-g5,,Piyush Kukrety; Borayin Larios; Kanika Pruthi ,,,,,,,,,,,,,,image,/objects/MANTRAMS_TF3_Larios_RC6_DHUN-G5-043_20260213.jpg,/objects/small/mantrams_tf3_larios_rc6_dhun-g5-043_20260213_sm.jpg,/objects/thumbs/mantrams_tf3_larios_rc6_dhun-g5-043_20260213_th.jpg,,,https://doi.org/10.57754/FDAT.ghg0b-e6k30,
dhun-g5-044,dhun-g5,,Piyush Kukrety; Borayin Larios; Kanika Pruthi ,,,,,,,,,,,,,,image,/objects/MANTRAMS_TF3_Larios_RC6_DHUN-G5-044_20260211.jpg,/objects/small/mantrams_tf3_larios_rc6_dhun-g5-044_20260211_sm.jpg,/objects/thumbs/mantrams_tf3_larios_rc6_dhun-g5-044_20260211_th.jpg,,,https://doi.org/10.57754/FDAT.ghg0b-e6k30,
dhun-g5-045,dhun-g5,,Piyush Kukrety; Borayin Larios; Kanika Pruthi ,,,,,,,,,,,,,,image,/objects/MANTRAMS_TF3_Kukrety_RC6_DHUN-G5-045_20250813.jpg,/objects/small/mantrams_tf3_kukrety_rc6_dhun-g5-045_20250813_sm.jpg,/objects/thumbs/mantrams_tf3_kukrety_rc6_dhun-g5-045_20250813_th.jpg,,,https://doi.org/10.57754/FDAT.ghg0b-e6k30,
dhun-g5-046,dhun-g5,,Piyush Kukrety; Borayin Larios; Kanika Pruthi ,,,,,,,,,,,,,,image,/objects/MANTRAMS_TF3_Kukrety_RC6_DHUN-G5-046_20250813.jpg,/objects/small/mantrams_tf3_kukrety_rc6_dhun-g5-046_20250813_sm.jpg,/objects/thumbs/mantrams_tf3_kukrety_rc6_dhun-g5-046_20250813_th.jpg,,,https://doi.org/10.57754/FDAT.ghg0b-e6k30,
dhun-g5-047,dhun-g5,,Piyush Kukrety; Borayin Larios; Kanika Pruthi ,,,,,,,,,,,,,,image,/objects/MANTRAMS_TF3_Kukrety_RC6_DHUN-G5-047_20250810.jpg,/objects/small/mantrams_tf3_kukrety_rc6_dhun-g5-047_20250810_sm.jpg,/objects/thumbs/mantrams_tf3_kukrety_rc6_dhun-g5-047_20250810_th.jpg,,,https://doi.org/10.57754/FDAT.ghg0b-e6k30,
dhun-g5-048,dhun-g5,,Piyush Kukrety; Borayin Larios; Kanika Pruthi ,,,,,,,,,,,,,,image,/objects/MANTRAMS_TF3_Kukrety_RC6_DHUN-G5-048_20260205.jpg,/objects/small/mantrams_tf3_kukrety_rc6_dhun-g5-048_20260205_sm.jpg,/objects/thumbs/mantrams_tf3_kukrety_rc6_dhun-g5-048_20260205_th.jpg,,,https://doi.org/10.57754/FDAT.ghg0b-e6k30,
dhun-g5-049,dhun-g5,,Piyush Kukrety; Borayin Larios; Kanika Pruthi ,,,,,,,,,,,,,,image,/objects/MANTRAMS_TF3_Kukrety_RC6_DHUN-G5-049_20250813.jpg,/objects/small/mantrams_tf3_kukrety_rc6_dhun-g5-049_20250813_sm.jpg,/objects/thumbs/mantrams_tf3_kukrety_rc6_dhun-g5-049_20250813_th.jpg,,,https://doi.org/10.57754/FDAT.ghg0b-e6k30,
dhun-g5-050,dhun-g5,,Piyush Kukrety; Borayin Larios; Kanika Pruthi ,,,,,,,,,,,,,,image,/objects/MANTRAMS_TF3_Kukrety_RC6_DHUN-G5-050_20250810.jpg,/objects/small/mantrams_tf3_kukrety_rc6_dhun-g5-050_20250810_sm.jpg,/objects/thumbs/mantrams_tf3_kukrety_rc6_dhun-g5-050_20250810_th.jpg,,,https://doi.org/10.57754/FDAT.ghg0b-e6k30,
dhun-g5-051,dhun-g5,,Piyush Kukrety; Borayin Larios; Kanika Pruthi ,,,,,,,,,,,,,,image,/objects/MANTRAMS_TF3_Kukrety_RC6_DHUN-G5-051_20260326.jpg,/objects/small/mantrams_tf3_kukrety_rc6_dhun-g5-051_20260326_sm.jpg,/objects/thumbs/mantrams_tf3_kukrety_rc6_dhun-g5-051_20260326_th.jpg,,,https://doi.org/10.57754/FDAT.ghg0b-e6k30,
dhun-g5-052,dhun-g5,,Piyush Kukrety; Borayin Larios; Kanika Pruthi ,,,,,,,,,,,,,,image,/objects/MANTRAMS_TF3_Kukrety_RC6_DHUN-G5-052_20250811.jpg,/objects/small/mantrams_tf3_kukrety_rc6_dhun-g5-052_20250811_sm.jpg,/objects/thumbs/mantrams_tf3_kukrety_rc6_dhun-g5-052_20250811_th.jpg,,,https://doi.org/10.57754/FDAT.ghg0b-e6k30,
dhun-g5-053,dhun-g5,,Piyush Kukrety; Borayin Larios; Kanika Pruthi ,,,,,,,,,,,,,,image,/objects/MANTRAMS_TF3_Kukrety_RC6_DHUN-G5-053_20260205.jpg,/objects/small/mantrams_tf3_kukrety_rc6_dhun-g5-053_20260205_sm.jpg,/objects/thumbs/mantrams_tf3_kukrety_rc6_dhun-g5-053_20260205_th.jpg,,,https://doi.org/10.57754/FDAT.ghg0b-e6k30,
dhun-g5-054,dhun-g5,,Piyush Kukrety; Borayin Larios; Kanika Pruthi ,,,,,,,,,,,,,,image,/objects/MANTRAMS_TF3_Kukrety_RC6_DHUN-G5-054_20250811.jpg,/objects/small/mantrams_tf3_kukrety_rc6_dhun-g5-054_20250811_sm.jpg,/objects/thumbs/mantrams_tf3_kukrety_rc6_dhun-g5-054_20250811_th.jpg,,,https://doi.org/10.57754/FDAT.ghg0b-e6k30,
dhun-g6,,Digital Circulations and Shrines (DHUN Gallery 6),Piyush Kukrety; Borayin Larios; Kanika Pruthi ,2026,"In its digital emanation, the name circulates as pure repetition within networked space, detached from any single physical site yet constantly re-anchored through screens, platforms, and interfaces. It appears as text fragments, hashtags, thumbnails, reels, compressed images, and algorithmically amplified slogans, where visibility is governed less by permanence than by circulation, engagement, and replication.  Within these digital environments, the name becomes infrastructural rather than representational. It is embedded in the logics of sharing, forwarding, remixing, and reposting, where devotional utterance and political sign are indistinguishable from content flow. Each repetition is both identical and newly situated, generating a sense of presence that is continuous but dispersed across timelines and feeds. This mode of existence produces a form of presence without centrality: the name does not reside in a single image or authoritative form but persists as distributed signal across platforms. It is experienced through scrolling rather than viewing, through accumulation rather than encounter, and through algorithmic recurrence rather than fixed iconography.",dhun; digital essay,"Varanasi, Uttar Pradesh, India ",25.19,82.59,,,,,,,https://creativecommons.org/licenses/by/4.0/,compound_object ,,,/objects/thumbs/mantrams_tf3_chatgpt_rc6_dhun-o1_20260513_th.jpg,,,https://doi.org/10.57754/FDAT.ghg0b-e6k30,dhun
dhun-g6-001,dhun-g6,,Piyush Kukrety; Borayin Larios; Kanika Pruthi ,,,,,,,,,,,,,,video,/objects/MANTRAMS_TF3_Pruthi_RC6_DHUN-G6-001_20260404.mp4,/assets/img/thumbnails/Piyush-AV6-01.png,/assets/img/thumbnails/Piyush-AV6-01b.png,,,https://doi.org/10.57754/FDAT.ghg0b-e6k30,
dhun-o1,dhun-g6,Digital Circulations of Ram,,2026-05-13,"This image was created specifically for the Dhun essay (2026) using generative AI tools (ChatGPT/OpenAI) in order to visually synthesize broader digital environments surrounding the contemporary circulation of Rām nām online. Rather than documenting a single real interface, application, or social media feed, the collage functions as a composite interpretive visualization bringing together recurring devotional, aesthetic, political, and technological motifs encountered during the research process. It is included as an analytical and illustrative image reflecting the multisensory and highly mediated circulation of sacred names within contemporary digital media ecologies. The image also forms part of a broader methodological reflection on AI assisted visual mediation within the project. Its compositional excesses, visual inconsistencies, and occasional inaccuracies, including distortions in text rendering and the blending of multiple visual registers, are not treated merely as technical flaws but as analytically revealing features of generative image systems themselves. The collage therefore also reflects how AI models interpret, aggregate, recombine, and reimagine religious imagery through patterns drawn from large scale digital training data, raising further questions about the remediation of religion, synthetic visual cultures, and the growing entanglement between devotional practice, digital infrastructures, and machine generated imaginaries.",dhun; digital essay,"Vienna, Austria",48.12,16.22,,,,,,No copyright applies.,,image,/objects/MANTRAMS_TF3_ChatGPT_RC6_DHUN-O1_20260513.png,/objects/small/mantrams_tf3_chatgpt_rc6_dhun-o1_20260513_sm.jpg,/objects/thumbs/mantrams_tf3_chatgpt_rc6_dhun-o1_20260513_th.jpg,,"Scriptures in different scripts, mainly Devanagari. Handwritten, printed and digital fonts. Some inscriptions are illegible/partially visble, are blurred or replicated manifold.",https://doi.org/10.57754/FDAT.ghg0b-e6k30,
dhun-g7,,Transition and Afterlife (DHUN Gallery 7),Piyush Kukrety; Borayin Larios; Kanika Pruthi ,2026-02-01,"The chant moves collectively through the city, marking both death and transition as the living make way for the dead through streets already saturated with the name in countless other forms. Here, the utterance acquires an afterlife of its own, echoing across ritual movement, urban space, and public memory. The name accompanies the passage into the afterlife, moving alongside the dead as a final guide through transition. Repeated collectively in funeral processions and mourning rituals, the chant transforms grief into shared movement, carrying the departed through streets where the name already circulates in devotional, political, and everyday forms. In this moment, the utterance becomes more than prayer or proclamation; it functions as a companion between worlds, marking the threshold between presence and absence, life and death.",dhun; digital essay,"Varanasi, Uttar Pradesh, India ",25.19,82.59,,,,,,,https://creativecommons.org/licenses/by/4.0/,compound_object ,,,/objects/thumbs/mantrams_tf3_larios_rc6_dhun-g7-005_20250806_th.jpg,,"राम -नाम, जय श्री राम, श्री राम, राम, राधे-राम Rām-nām, Jay Śrī Rām, Śrī Rām, Rām, Rādhe-Rām, Raam-naam, jay shrii raam, shrii raam, raam, raadhe-raam. (Scriptures in different scripts, mainly Devanagari. Handwritten, printed fonts and  engraved. Some inscriptions are ellegible/partially visble.)",https://doi.org/10.57754/FDAT.ghg0b-e6k30,dhun
dhun-g7-001,dhun-g7,,Piyush Kukrety; Borayin Larios; Kanika Pruthi ,,,,,,,,,,,,,,image,/objects/MANTRAMS_TF3_Larios_RC6_DHUN-G7-001_20231209.JPG,/objects/small/mantrams_tf3_larios_rc6_dhun-g7-001_20231209_sm.jpg,/objects/thumbs/mantrams_tf3_larios_rc6_dhun-g7-001_20231209_th.jpg,,,https://doi.org/10.57754/FDAT.ghg0b-e6k30,
dhun-g7-002,dhun-g7,,Piyush Kukrety; Borayin Larios; Kanika Pruthi ,,,,,,,,,,,,,,image,/objects/MANTRAMS_TF3_Larios_RC6_DHUN-G7-002_20231210.jpg,/objects/small/mantrams_tf3_larios_rc6_dhun-g7-002_20231210_sm.jpg,/objects/thumbs/mantrams_tf3_larios_rc6_dhun-g7-002_20231210_th.jpg,,,https://doi.org/10.57754/FDAT.ghg0b-e6k30,
dhun-g7-003,dhun-g7,,Piyush Kukrety; Borayin Larios; Kanika Pruthi ,,,,,,,,,,,,,,image,/objects/MANTRAMS_TF3_Larios_RC6_DHUN-G7-003_20231210.jpg,/objects/small/mantrams_tf3_larios_rc6_dhun-g7-003_20231210_sm.jpg,/objects/thumbs/mantrams_tf3_larios_rc6_dhun-g7-003_20231210_th.jpg,,,https://doi.org/10.57754/FDAT.ghg0b-e6k30,
dhun-g7-004,dhun-g7,,Piyush Kukrety; Borayin Larios; Kanika Pruthi ,,,,,,,,,,,,,,image,/objects/MANTRAMS_TF3_Larios_RC6_DHUN-G7-004_20231210.jpeg,/objects/small/mantrams_tf3_larios_rc6_dhun-g7-004_20231210_sm.jpg,/objects/thumbs/mantrams_tf3_larios_rc6_dhun-g7-004_20231210_th.jpg,,,https://doi.org/10.57754/FDAT.ghg0b-e6k30,
dhun-g7-005,dhun-g7,,Piyush Kukrety; Borayin Larios; Kanika Pruthi ,,,,,,,,,,,,,,image,/objects/MANTRAMS_TF3_Larios_RC6_DHUN-G7-005_20250806.jpg,/objects/small/mantrams_tf3_larios_rc6_dhun-g7-005_20250806_sm.jpg,/objects/thumbs/mantrams_tf3_larios_rc6_dhun-g7-005_20250806_th.jpg,,,https://doi.org/10.57754/FDAT.ghg0b-e6k30,
dhun-g7-006,dhun-g7,,Piyush Kukrety; Borayin Larios; Kanika Pruthi ,,,,,,,,,,,,,,image,/objects/MANTRAMS_TF3_Larios_RC6_DHUN-G7-006_20250809.jpg,/objects/small/mantrams_tf3_larios_rc6_dhun-g7-006_20250809_sm.jpg,/objects/thumbs/mantrams_tf3_larios_rc6_dhun-g7-006_20250809_th.jpg,,,https://doi.org/10.57754/FDAT.ghg0b-e6k30,
dhun-g7-007,dhun-g7,,Piyush Kukrety; Borayin Larios; Kanika Pruthi ,,,,,,,,,,,,,,image,/objects/MANTRAMS_TF3_Larios_RC6_DHUN-G7-007_20250810.jpg,/objects/small/mantrams_tf3_larios_rc6_dhun-g7-007_20250810_sm.jpg,/objects/thumbs/mantrams_tf3_larios_rc6_dhun-g7-007_20250810_th.jpg,,,https://doi.org/10.57754/FDAT.ghg0b-e6k30,
dhun-g7-008,dhun-g7,,Piyush Kukrety; Borayin Larios; Kanika Pruthi ,,,,,,,,,,,,,,image,/objects/MANTRAMS_TF3_Larios_RC6_DHUN-G7-008_20260201.jpg,/objects/small/mantrams_tf3_larios_rc6_dhun-g7-008_20260201_sm.jpg,/objects/thumbs/mantrams_tf3_larios_rc6_dhun-g7-008_20260201_th.jpg,,,https://doi.org/10.57754/FDAT.ghg0b-e6k30,
dhun-g7-009,dhun-g7,,Piyush Kukrety; Borayin Larios; Kanika Pruthi ,,,,,,,,,,,,,,image,/objects/MANTRAMS_TF3_Larios_RC6_DHUN-G7-009_20260201.jpg,/objects/small/mantrams_tf3_larios_rc6_dhun-g7-009_20260201_sm.jpg,/objects/thumbs/mantrams_tf3_larios_rc6_dhun-g7-009_20260201_th.jpg,,,https://doi.org/10.57754/FDAT.ghg0b-e6k30,
dhun-g7-010,dhun-g7,,Piyush Kukrety; Borayin Larios; Kanika Pruthi ,,,,,,,,,,,,,,image,/objects/MANTRAMS_TF3_Kukrety_RC6_DHUN-G7-010_20250810.jpg,/objects/small/mantrams_tf3_kukrety_rc6_dhun-g7-010_20250810_sm.jpg,/objects/thumbs/mantrams_tf3_kukrety_rc6_dhun-g7-010_20250810_th.jpg,,,https://doi.org/10.57754/FDAT.ghg0b-e6k30,
